Ind,Botanic_Garden,First_Pop,First_Per,Wild_Source,Second_Pop,Second_Per,Third_Pop,Third_Per,Fourth_Pop,Fourth_Per,Fifth_Pop
TMA-ZAIN-G-1,/MBC,SF,6.782,NWS_North,5.7,B,5.601,ZFW,5.502,WB,4.892
TMA-ZAIN-G-2,/MBC,SW,6.243,NWS_North,5.227,CR,5.167,BP,4.983,TS,4.938
TMA-ZAIN-G-3,/MBC,B,6.204,ONF,5.363,FDSP,4.766,ONF,4.744,BP,4.691
TMA-ZAIN-G-4,/MBC,LB,5.775,NWS_South,5.603,BP,5.564,TS,4.955,BP,4.752
TMA-ZAIN-G-5,/MBC,CR,5.771,NWS_North,5.7,SW,5.084,ZFW,4.889,WB,4.829
TMA-ZAIN-G-6,/MBC,TS,5.441,ONF,5.154,ZFCC,4.904,ZFW,4.648,LB,4.537
TMA-ZAIN-G-7,/MBC,TS,6.121,LTI,5.578,BP,5.335,B,5.208,ONF,4.978
TMA-ZAIN-G-8,/MBC,SF,5.43,LTI,5.126,CR,4.701,ONF,4.655,ZFCC,4.621
TMA-ZAIN-G-9,/MBC,ONF,5.896,FDSP,5.086,ONF,4.876,BP,4.802,BP,4.497
TMA-ZAIN-G-10,/MBC,B,6.158,FDSP,5.482,BP,5.252,LB,5.097,BP,4.639
TMA-ZAIN-G-11,/MBC,LB,5.401,FDSP,4.975,TS,4.769,B,4.721,ONF,4.638
TMA-ZAIN-G-12,/MBC,B,7.335,FDSP,4.985,BP,4.972,LB,4.857,ONF,4.613
TMA-ZAIN-G-13,/MBC,ONF,5.27,FDSP,5.15,BP,5.005,BP,4.871,TSP2,4.797
TMA-ZAIN-G-14,/MBC,B,6.653,CNS,5.494,BP,4.408,ZFSW2,4.351,WB,4.299
TMA-ZAIN-G-15,/MBC,B,6.637,CNS,5.554,ZFCC,5.369,O,5.209,TS,4.859
TMA-ZAIN-G-16,/MBC,B,6.456,FDSP,5.548,LB,5.4,BP,5.352,BP,5.201
TMA-ZAIN-G-17,/MBC,B,5.642,NWS_North,5.223,ZCF,4.815,ZFENP,4.731,TS,4.506
TMA-ZAIN-G-18,/MBC,SF,8.455,ENP,5.881,B,5.673,CR,5.436,TS,5.19
TMA-ZAIN-G-19,/MBC,TS,6.754,ENP,5.656,SF,5.428,LB,5.385,ZCF,5.304
TMA-ZAIN-G-20,/MBC,SF,6.769,ENP,5.698,B,5.374,WB,5.067,SW,5.034
TMA-ZAIN-G-21,/MBC,B,5.555,PB,5.542,K,5.491,BP,5.05,SF,4.749
TMA-ZAIN-G-22,/MBC,SF,6.024,TS,5.921,WB,5.759,B,5.208,SW,5.083
TMA-ZAIN-G-23,/MBC,TS,5.941,TS,5.824,SW,5.716,ZFI,5.48,B,5.41
TMA-ZAIN-G-24,/MBC,WB,6.706,TS,5.264,B,5.103,BP,4.96,ONF,4.816
TMA-ZAIN-G-25,/MBC,B,6.115,NWS_South,5.992,SW,5.22,ZFENP,5.205,ZFI,5.167
TMA-ZAIN-G-26,/MBC,B,6.051,OS,5.972,LB,5.894,ZCF,5.04,TSP,4.906
TMA-ZAIN-G-27,/MBC,TS,7.422,CR,6.756,LB,6.11,B,5.332,ZFENP,5.232
TMA-ZAIN-G-28,/MBC,TS,6.806,NWS_North,5.844,WB,4.91,B,4.716,ONF,4.658
TMA-ZAIN-G-29,/MBC,SF,5.665,ONF,5.451,WB,5.335,ONF,5.243,BP,4.442
TMA-ZAIN-G-30,/MBC,TS,6.108,WB,5.808,ONF,4.865,SF,4.847,BP,4.841
TMA-ZAIN-G-31,/MBC,SF,5.937,W,5.439,CR,5.11,TS,5.008,WB,4.838
TMA-ZAIN-G-32,/MBC,B,6.922,SW,6.075,SW,5.356,BP,5.31,TS,5.128
TMA-ZAIN-G-33,/MBC,ONF,6.248,NWS_North,6.02,ONF,4.993,BP,4.789,CR,4.503
TMA-ZAIN-G-34,/MBC,B,5.895,ONF,5.856,BP,5.495,TS,4.741,ONF,4.715
TMA-ZAIN-G-35,/MBC,B,6.646,ONF,5.677,SF,5.067,ONF,5.064,ZFW,5.037
TMA-ZAIN-G-36,/MBC,B,5.697,NWS_North,5.271,ONF,4.68,BP,4.349,O,4.329
TMA-ZAIN-G-37,/MBC,LB,5.954,SF,5.614,BP,5.404,TS,5.015,ZFCC,4.996
TMA-ZAIN-G-38,/MBC,B,6.622,I,5.721,BP,4.608,ZFCC,4.523,ZFW,4.507
TMA-ZAIN-G-39,/MBC,B,6.376,BP,5.355,BP,5.147,BP,5.094,FDSP,5.005
TMA-ZAIN-G-40,/MBC,BP,5.842,BP,5.783,BP,5.635,BP,5.576,LB,5.44
TMA-ZAIN-G-41,/MBC,B,7.009,TS,5.688,BP,4.597,SF,4.523,SW,4.346
TMA-ZAIN-G-42,/MBC,O,6.255,TS,5.729,ZFCC,5.287,SF,4.953,CR,4.788
TMA-ZAIN-G-43,/MBC,B,6.377,CNS,5.74,ZFW,4.541,ZFI,4.343,ZFCC,4.31
TMA-ZAIN-G-44,/MBC,LB,6.027,LB,5.464,K,5.019,BP,4.787,TSP,4.763
TMA-ZAIN-G-45,/MBC,B,6.584,FDSP,6.383,LB,6.252,BP,4.691,CR,4.511
TMA-ZAIN-G-46,/MBC,LB,5.812,PB,5.31,TS,5.267,B,5.264,K,5.196
TMA-ZAIN-G-47,/MBC,SF,6.612,CC,5.622,O,5.55,CR,5.183,SW,5.091
TMA-ZAIN-G-48,/MBC,TS,5.611,NWS_South,5.495,B,5.462,BP,5.108,WB,4.351
TMA-ZAIN-G-49,/MBC,B,6.011,NWS_South,5.8,LB,5.571,BP,5.497,ZCF,5.218
TMA-ZAIN-G-50,/MBC,TS,6.244,NWS_South,4.689,K,4.503,SF,4.487,ZCF,4.474
TMA-ZAIN-G-51,/MBC,TS,6.155,NWS_South,6.076,LB,5.857,B,5.635,ZCF,5.161
TMA-ZAIN-G-52,/MBC,TS,7.414,NWS_South,6.14,B,5.16,BP,5.152,K,5.111
TMA-ZAIN-G-53,/MBC,LB,5.786,NWS_South,5.762,TS,5.664,BP,5.624,WB,5.416
TMA-ZAIN-G-54,/MBC,SF,7.097,OS,5.596,B,5.198,TS,5.123,SW,4.996
TMA-ZAIN-G-55,/MBC,SF,8.341,OS,6.397,B,5.818,SW,5.736,TS,5.213
TMA-ZAIN-G-56,/MBC,BP,6.692,OS,6.629,TS,6.421,B,5.712,ZCF,5.364
TMA-ZAIN-G-57,/MBC,SF,6.176,OS,5.555,SW,5.28,CR,5.004,TS,4.965
TMA-ZAIN-G-58,/MBC,SF,5.344,CR,5.152,TS,4.991,CR,4.943,ZCF,4.901
TMA-ZAIN-G-59,/MBC,TS,6.26,NWS_North,5.652,BP,5.384,ZCF,4.903,ONF,4.869
TMA-ZAIN-G-60,/MBC,TS,7.088,NWS_North,6.468,LB,6.159,ZCF,5.439,ZFENP,5.215
TMA-ZAIN-G-61,/MBC,LB,5.501,NWS_North,5.362,BP,4.915,ZFCC,4.699,ONF,4.538
TMA-ZAIN-G-62,/MBC,SF,6.491,NWS_North,5.026,ZFCC,4.983,SW,4.754,O,4.719
TMA-ZAIN-G-63,/MBC,SW,6.017,NWS_North,5.859,B,5.823,CR,5.267,ZFW,5.2
TMA-ZAIN-G-64,/MBC,B,5.802,ONF,5.342,BP,5.077,WB,4.811,ONF,4.7
TMA-ZAIN-G-65,/MBC,B,6.402,ONF,4.979,FDSP,4.819,ONF,4.789,ZFW,4.78
TMA-ZAIN-G-66,/MBC,B,6.104,ONF,5.145,ONF,4.943,ONF,4.834,TSP2,4.759
TMA-ZAIN-G-67,/MBC,B,5.948,ONF,5.18,BP,5.089,ONF,4.922,SF,4.759
TMA-ZAIN-G-68,/MBC,ONF,5.457,ONF,5.274,WB,4.979,ONF,4.654,BP,4.543
TMA-ZAIN-G-69,/MBC,ONF,5.665,ONF,5.026,B,4.967,WB,4.805,CNS,4.518
TMA-ZAIN-G-70,/MBC,ONF,5.816,ONF,5.449,B,5.229,ONF,5.048,BP,4.996
TMA-ZAIN-G-71,/MBC,B,6.412,ONF,5.35,BP,5.239,BP,4.791,TSP,4.641
TMA-ZAIN-G-72,/MBC,B,5.502,ONF,5.25,SF,5.168,TS,4.898,ONF,4.889
TMA-ZAIN-G-73,/MBC,B,6.646,ONF,5.332,CR,5.164,SW,5.139,O,4.721
TMA-ZAIN-G-74,/MBC,FDSP,5.584,ONF,5.564,BP,5.426,BP,5.261,SF,5.241
TMA-ZAIN-G-75,/MBC,B,5.566,ONF,5.316,CR,5.058,O,4.878,FDSP,4.729
TMA-ZAIN-G-76,/MBC,B,5.604,ONF,5.403,BP,5.298,BP,5.05,TSP,4.947
TMA-ZAIN-G-77,/MBC,B,6.19,ONF,5.219,BP,5.052,BP,4.839,TSP2,4.638
TMA-ZAIN-G-78,/MBC,B,5.807,ONF,5.538,ONF,5.256,SF,4.82,BP,4.757
TMA-ZAIN-G-79,/MBC,B,5.853,ONF,5.657,BP,4.84,ONF,4.719,TSP2,4.662
TMA-ZAIN-G-80,/MBC,B,6.215,ONF,5.638,BP,5.528,SF,5.474,BP,5.348
TMA-ZAIN-G-81,/MBC,B,6.388,ONF,5.218,TS,5.09,LB,5.059,ZFENP,4.565
TMA-ZAIN-G-82,/MBC,B,5.617,ONF,5.159,ONF,4.986,FDSP,4.785,SF,4.717
TMA-ZAIN-G-83,/MBC,B,6.191,ONF,5.359,ONF,4.941,BP,4.778,TS,4.661
TMA-ZAIN-G-84,/MBC,B,6.694,ONF,5.328,BP,5.293,BP,5.282,LB,5.048
TMA-ZAIN-G-85,/MBC,LB,7.794,K,7.057,TS,6.06,K,5.155,B,5.151
TMA-ZAIN-G-86,/MBC,LB,7.782,K,6.952,B,5.391,TS,5.239,K,4.773
TMA-ZAIN-G-87,/MBC,LB,6.852,K,6.19,TS,5.971,B,5.232,K,4.75
TMA-ZAIN-G-88,/MBC,BP,5.342,NWS_South,5.298,B,5.229,BP,5.081,FDSP,4.94
TMA-ZAIN-G-89,/MBC,B,5.546,NWS_South,5.467,ONF,5.122,BP,5.079,FDSP,5.057
TMA-ZAIN-G-90,/MBC,LB,7.504,NWS_South,6.723,TS,6.467,ZCF,5.4,B,5.296
TMA-ZAIN-G-91,/MBC,LB,7.375,NWS_South,6.615,TS,5.455,ZCF,4.771,K,4.696
TMA-ZAIN-G-92,/MBC,TS,7,NWS_South,6.212,BP,5.586,ZCF,5.37,WB,5.182
TMA-ZAIN-G-93,/MBC,TS,6.951,NWS_South,5.54,LB,5.316,ZCF,4.8,BP,4.774
TMA-ZAIN-G-94,/MBC,TS,6.584,NWS_South,6.405,BP,5.727,ZCF,5.311,WB,5.082
TMA-ZAIN-G-95,/MBC,SF,6.765,WB,6.672,WB,5.082,B,5.054,SW,4.91
TMA-ZAIN-G-96,/MBC,TS,6.54,WB,5.597,B,5.553,SW,4.824,ZFENP,4.743
TMA-ZAIN-G-97,/MBC,TS,5.362,W,5.257,BP,5.094,ZCF,5.087,ONF,5.065
TMA-ZAIN-G-98,/MBC,TS,5.71,W,5.418,ONF,5.195,BP,4.962,LB,4.915
TMA-ZAIN-G-99,/MBC,ONF,5.925,W,5.568,BP,5.328,FDSP,5.231,LB,4.836
TMA-ZAIN-G-101,/MBC,BP,7.463,W,7.077,TS,5.241,ZFCC,5.194,CR,4.889
TMA-ZAIN-G-102,/MBC,CR,5.417,W,5.356,SF,5.299,WB,5.198,ONF,5.134
TMA-ZAIN-G-103,/MBC,SW,5.438,SW,5.316,B,5.306,WB,5.037,ZFI,4.857
TMA-ZAIN-G-104,/MBC,TS,5.935,SW,5.653,SF,5.457,ZFI,5.237,ZCF,5.056
TMA-ZAIN-G-105,/MBC,SF,7.436,SW,5.444,B,5.325,TS,5.321,ZFI,5.319
TMA-ZAIN-G-106,/MBC,TS,6.215,SW,5.751,ZCF,5.413,SF,5.398,LB,5.305
TMA-ZAIN-G-107,/MBC,BP,5.64,NWS_North,5.614,B,5.52,ONF,5.071,FDSP,5.027
TMA-ZAIN-G-108,/MBC,B,6.117,NWS_North,5.058,SF,4.812,CR,4.575,TS,4.567
TMA-ZAIN-G-109,/MBC,BP,6.919,NWS_North,6.535,B,6.293,TS,5.236,ONF,4.645
TMA-ZAIN-G-110,/MBC,B,6.787,NWS_North,5.44,ONF,5.154,BP,5.104,ZFW,4.956
TMA-ZAIN-G-111,/MBC,B,5.533,NWS_North,5.206,TS,5.078,BP,4.945,LB,4.848
TMA-ZAIN-G-112,/MBC,SF,7.931,NWS_North,6.487,CR,4.862,SW,4.598,TS,4.575
TMA-ZAIN-G-113,/MBC,B,6.593,NWS_North,5.238,LB,4.953,BP,4.813,ZCF,4.687
TMA-ZAIN-G-114,/MBC,B,5.768,NWS_North,5.569,CR,5.26,SF,5.242,BP,4.498
TMA-ZAIN-G-115,/MBC,LB,5.713,NWS_North,5.59,ONF,4.913,B,4.867,CR,4.808
TMA-ZAIN-G-116,/MBC,B,6.293,NWS_North,5.719,CR,5.668,ZFW,5.646,SW,5.56
TMA-ZAIN-G-117,/MBC,B,6.041,ONF,5.35,ONF,5.305,BP,5.054,FDSP,5.008
TMA-ZAIN-G-118,/MBC,B,6.11,ONF,5.461,ONF,4.656,SF,4.528,ONF,4.524
TMA-ZAIN-G-119,/MBC,B,6.987,ONF,5.69,ZFW,5.027,FDSP,4.834,ONF,4.817
TMA-ZAIN-G-120,/MBC,B,5.92,ONF,5.477,SF,5.384,BP,5.321,FDSP,5.257
TMA-ZAIN-G-121,/MBC,B,6.813,ONF,5.934,SF,5.013,ONF,4.725,ZFW,4.568
TMA-ZAIN-G-122,/MBC,B,6.234,ONF,5.285,ONF,4.744,ONF,4.672,SF,4.655
TMA-ZAIN-G-123,/MBC,LB,6.351,SF,5.617,B,5.341,TS,5.194,K,4.711
TMA-ZAIN-G-124,/MBC,B,5.916,I,5.312,SW,5.311,SF,4.738,ONF,4.605
TMA-ZAIN-G-125,/MBC,TS,5.606,LTI,5.213,B,5.099,BP,4.971,ZCF,4.901
TMA-ZAIN-G-126,/MBC,SF,5.976,LTI,5.482,CR,5.29,TS,5.174,SW,5.065
TMA-ZAIN-G-127,/MBC,B,5.128,LTI,5.095,O,5.073,BP,4.675,ZFCC,4.517
TMA-ZAIN-G-128,/MBC,LB,5.395,LTI,5.252,BP,5.198,BP,5.184,TSP2,4.965
TMA-ZAIN-G-129,/MBC,B,5.021,LTI,4.924,LB,4.868,ONF,4.738,BP,4.593
TMA-ZAIN-G-130,/MBC,ONF,5.338,LTI,5.313,B,4.779,BP,4.511,TSP2,4.397
TMA-ZAIN-G-131,/MBC,O,5.874,LTI,5.526,SF,5.485,ONF,5.187,B,4.871
TMA-ZAIN-G-132,/MBC,TS,5.652,LTI,5.263,B,5.149,BP,5.023,ZCF,4.953
TMA-ZAIN-G-133,/MBC,B,5.115,LTI,4.813,LB,4.752,BP,4.56,SF,4.553
TMA-ZAIN-G-134,/MBC,B,6.431,NWS_North,5.185,TSP2,4.61,LB,4.327,CNS,4.313
TMA-ZAIN-G-135,/MBC,ONF,5.607,NWS_North,5.126,CNS,4.942,TSP2,4.91,BP,4.825
TMA-ZAIN-G-136,/MBC,ONF,6.693,NWS_North,5.79,B,5.577,BP,5.567,TSP2,5.329
TMA-ZAIN-G-137,/MBC,ONF,5.527,NWS_North,5.298,B,5.255,ONF,5.122,SF,4.683
TMA-ZAIN-G-138,/MBC,ONF,6.566,NWS_North,5.781,BP,5.463,BP,5.117,FDSP,4.819
TMA-ZAIN-G-139,/MBC,ONF,6.088,NWS_North,5.563,BP,5.56,B,5.254,TSP2,4.882
TMA-ZAIN-G-140,/MBC,ONF,5.966,NWS_North,5.665,BP,5.428,BP,5.408,B,5.26
TMA-ZAIN-G-141,/MBC,B,6.156,FDSP,5.496,BP,5.347,BP,5.261,BP,5.091
TMA-ZAIN-G-142,/MBC,ONF,5.712,FDSP,5.689,BP,5.242,LB,5.107,BP,5.042
TMA-ZAIN-G-143,/MBC,B,6.488,FDSP,5.414,BP,5.412,ONF,5.295,LB,5.28
TMA-ZAIN-G-144,/MBC,ONF,5.84,FDSP,5.603,BP,5.125,BP,4.94,BP,4.817
TMA-ZAIN-G-145,/MBC,B,6.079,FDSP,5.732,TS,5.629,SF,5.071,BP,4.995
TMA-ZAIN-G-146,/MBC,B,5.946,FDSP,4.95,CR,4.945,BP,4.943,SF,4.849
TMA-ZAIN-G-147,/MBC,BP,5.522,FDSP,5.347,BP,5.316,BP,5.125,TSP2,5.119
TMA-ZAIN-G-148,/MBC,B,5.828,FDSP,5.742,BP,5.506,BP,5.076,FDSP,5.056
TMA-ZAIN-G-149,/MBC,TSP,5.452,FDSP,5.267,BP,5.117,TSP2,4.963,B,4.753
TMA-ZAIN-G-150,/MBC,B,5.367,FDSP,5.089,BP,4.843,TSP2,4.824,BP,4.779
TMA-ZAIN-G-151,/MBC,CNS,5.19,FDSP,5.117,ONF,5.044,B,4.772,TSP,4.665
TMA-ZAIN-G-152,/MBC,B,6.645,FDSP,5.935,BP,5.555,BP,5.142,CR,4.93
TMA-ZAIN-G-153,/MBC,B,7.624,FDSP,5.163,FDSP,4.88,CR,4.787,BP,4.58
TMA-ZAIN-G-154,/MBC,B,5.69,FDSP,5.403,BP,5.394,ONF,5.065,FDSP,5.018
TMA-ZAIN-G-155,/MBC,B,6.522,FDSP,5.673,BP,5.452,ONF,5.16,BP,5.148
TMA-ZAIN-G-156,/MBC,ONF,6.203,FDSP,5.861,BP,4.985,BP,4.892,LB,4.851
TMA-ZAIN-G-157,/MBC,B,6.722,FDSP,5.551,BP,5.185,LB,4.781,BP,4.738
TMA-ZAIN-G-158,/MBC,B,6.23,FDSP,5.661,LB,5.442,ONF,5.008,TSP2,4.622
TMA-ZAIN-G-159,/MBC,B,6.226,FDSP,5.568,BP,5.315,SF,5.165,ONF,4.84
TMA-ZAIN-G-160,/MBC,ONF,5.967,FDSP,5.398,FDSP,5.035,ONF,4.999,BP,4.907
TMA-ZAIN-G-161,/MBC,ONF,5.901,FDSP,5.796,BP,5.344,ONF,5.095,SF,4.999
TMA-ZAIN-G-162,/MBC,B,6.155,FDSP,5.358,BP,5.071,TS,5.046,ZCF,4.619
TMA-ZAIN-G-163,/MBC,B,6.703,FDSP,5.803,FDSP,5.714,SF,5.147,BP,5.135
TMA-ZAIN-G-164,/MBC,B,6.761,FDSP,5.365,ONF,5.295,FDSP,5.239,SF,5.004
TMA-ZAIN-G-165,/MBC,B,5.702,FDSP,5.35,BP,5.017,LB,5,BP,4.817
TMA-ZAIN-G-166,/MBC,B,6.002,FDSP,5.982,BP,5.761,BP,5.585,FDSP,5.183
TMA-ZAIN-G-167,/MBC,B,6.105,BP,5.611,BP,5.496,BP,5.454,FDSP,5.429
TMA-ZAIN-G-168,/MBC,B,6.026,BP,5.348,ONF,5.232,BP,5.21,BP,5.118
TMA-ZAIN-G-169,/MBC,B,6.042,BP,5.279,ONF,5.161,TS,5.159,BP,4.855
TMA-ZAIN-G-170,/MBC,B,5.711,BP,5.509,BP,5.387,BP,5.181,LB,4.942
TMA-ZAIN-G-171,/MBC,B,6.291,BP,5.576,BP,5.206,BP,5.196,BP,5.036
TMA-ZAIN-G-172,/MBC,B,5.61,BP,5.575,ONF,5.519,BP,5.297,LB,5.106
TMA-ZAIN-G-173,/MBC,B,6.6,BP,6.392,LB,6.09,TS,4.734,ZCF,4.7
TMA-ZAIN-G-174,/MBC,B,6.638,BP,6.111,LB,5.796,TS,5.761,ZCF,5.005
TMA-ZAIN-G-175,/MBC,BP,5.738,BP,5.708,LB,5.674,BP,5.164,BP,4.762
TMA-ZAIN-G-176,/MBC,B,5.341,BP,5.315,BP,5.24,LB,5.127,ONF,5.087
TMA-ZAIN-G-177,/MBC,BP,5.659,BP,5.5,B,5.466,BP,5.277,BP,5.071
TMA-ZAIN-G-178,/MBC,BP,6.051,BP,5.707,LB,5.631,BP,4.929,TSP2,4.768
TMA-ZAIN-G-179,/MBC,B,7.307,BP,6.151,TS,5.599,LB,5.39,ZCF,4.649
TMA-ZAIN-G-180,/MBC,BP,6.559,BP,6.164,LB,6.04,BP,4.935,BP,4.709
TMA-ZAIN-G-181,/MBC,B,5.686,TS,5.654,BP,5.043,BP,4.666,TSP2,4.631
TMA-ZAIN-G-182,/MBC,B,6.367,TS,5.14,BP,5.048,FDSP,4.936,BP,4.93
TMA-ZAIN-G-183,/MBC,B,5.465,TS,5.417,BP,5.413,O,4.919,TS,4.694
TMA-ZAIN-G-184,/MBC,B,7.294,TS,4.985,FDSP,4.701,TSP2,4.551,BP,4.428
TMA-ZAIN-G-185,/MBC,B,6.625,TS,5.249,ZFW,4.879,BP,4.743,TSP2,4.728
TMA-ZAIN-G-186,/MBC,B,5.932,TS,5.836,TS,4.752,O,4.467,BP,4.439
TMA-ZAIN-G-187,/MBC,B,6.298,TS,6.163,TS,5.213,CR,4.301,ZFLTI,4.239
TMA-ZAIN-G-188,/MBC,B,6.35,TS,5.141,ONF,4.59,BP,4.418,ZFENP,4.314
TMA-ZAIN-G-189,/MBC,SF,5.759,TS,5.331,O,4.783,TS,4.683,ONF,4.504
TMA-ZAIN-G-190,/MBC,B,6.16,TS,5.306,FDSP,5.218,BP,5.186,TSP2,5.159
TMA-ZAIN-G-191,/MBC,B,6.756,TS,5.061,CR,4.463,BP,4.354,ZFCC,4.329
TMA-ZAIN-G-192,/MBC,B,5.701,TS,5.442,BP,5.412,FDSP,4.828,SF,4.769
TMA-ZAIN-G-193,/MBC,B,6.171,TS,5.057,BP,5.056,TSP2,4.81,TSP,4.666
TMA-ZAIN-G-194,/MBC,B,6.145,CNS,5.494,O,4.826,ZFCC,4.598,ZFW,4.388
TMA-ZAIN-G-195,/MBC,TS,6.477,CNS,6.054,ZFCC,4.709,O,4.408,ZFENP,4.403
TMA-ZAIN-G-196,/MBC,B,5.428,CNS,5.332,ZFCC,5.211,O,5.187,WB,4.44
TMA-ZAIN-G-197,/MBC,B,6.635,CNS,5.137,O,4.682,ZFCC,4.589,ZFW,4.382
TMA-ZAIN-G-198,/MBC,B,6.068,CNS,5.483,TSP2,4.294,TSP,4.228,CNS,4.193
TMA-ZAIN-G-199,/MBC,B,6.934,CNS,4.617,BP,4.28,O,4.268,ZFW,4.236
TMA-ZAIN-G-200,/MBC,B,5.938,CNS,5.885,TS,4.877,O,4.446,BP,4.362
TMA-ZAIN-G-201,/MBC,TS,6.835,LB,6.054,BP,5.138,K,4.866,LB,4.776
TMA-ZAIN-G-202,/MBC,TS,5.637,LB,5.376,B,5.306,LB,5.22,BP,5.113
TMA-ZAIN-G-203,/MBC,BP,6.568,LB,6.117,B,6.052,K,4.886,ZFCC,4.578
TMA-ZAIN-G-204,/MBC,B,5.906,LB,5.477,ONF,5.079,ZFCC,4.99,O,4.836
TMA-ZAIN-G-205,/MBC,LB,7.729,LB,7.015,TS,5.236,WB,5.021,K,5.006
TMA-ZAIN-G-206,/MBC,LB,6.132,LB,5.378,B,5.302,BP,5.237,K,5.078
TMA-ZAIN-G-207,/MBC,LB,7.328,LB,6.6,B,6.263,ZCF,5.486,ZFENP,5.36
TMA-ZAIN-G-208,/MBC,B,6.441,FDSP,5.994,SW,5.424,ZFW,5.233,TS,5.052
TMA-ZAIN-G-209,/MBC,B,6.607,FDSP,5.822,SF,5.414,BP,5.329,BP,5.171
TMA-ZAIN-G-210,/MBC,B,5.39,FDSP,5.016,BP,4.89,TSP2,4.747,ONF,4.669
TMA-ZAIN-G-211,/MBC,B,5.924,FDSP,5.836,BP,5.777,LB,5.475,ZCF,4.973
TMA-ZAIN-G-212,/MBC,B,5.352,FDSP,4.825,BP,4.792,LB,4.786,TS,4.716
TMA-ZAIN-G-213,/MBC,BP,6.988,FDSP,6.945,B,6.078,BP,4.584,ZCF,4.566
TMA-ZAIN-G-214,/MBC,B,5.384,NWS_North,5.311,BP,5.087,TSP2,4.87,ONF,4.777
TMA-ZAIN-G-215,/MBC,ONF,5.968,NWS_North,5.642,BP,5.284,BP,5.096,TSP2,4.908
TMA-ZAIN-G-216,/MBC,B,6.147,NWS_North,5.478,BP,5.363,ONF,5.116,TSP2,5.075
TMA-ZAIN-G-217,/MBC,B,6.009,NWS_North,5.463,LB,4.626,BP,4.615,BP,4.511
TMA-ZAIN-G-218,/MBC,ONF,6.007,NWS_North,5.346,TSP2,5.118,B,5.115,BP,5.008
TMA-ZAIN-G-219,/MBC,SF,7.508,ENP,6.44,B,5.65,BP,5.03,CR,4.859
TMA-ZAIN-G-220,/MBC,TS,5.864,ENP,5.185,B,5.135,BP,4.755,LB,4.731
TMA-ZAIN-G-221,/MBC,TS,6.752,ENP,6.439,B,5.344,ZCF,4.943,LB,4.815
TMA-ZAIN-G-222,/MBC,K,6.15,ENP,5.243,LB,5.067,BP,4.948,B,4.815
TMA-ZAIN-G-223,/MBC,BP,6.758,ENP,6.725,TS,6.014,ZCF,5.901,B,5.542
TMA-ZAIN-G-224,/MBC,SF,7.533,ENP,7.137,BP,6.675,LB,6.433,B,6.14
TMA-ZAIN-G-225,/MBC,TS,5.851,ENP,5.358,ZCF,4.939,BP,4.888,SF,4.767
TMA-ZAIN-G-226,/MBC,TS,7.203,ENP,6.24,SF,6.199,BP,5.337,ZCF,5.256
TMA-ZAIN-G-227,/MBC,B,6.816,ENP,6.687,BP,6.055,LB,5.576,SF,5.315
TMA-ZAIN-G-228,/MBC,TS,6.865,ENP,6.56,SF,5.325,ZCF,4.902,BP,4.895
TMA-ZAIN-G-229,/MBC,TS,6.072,ENP,5.93,B,5.726,ZCF,4.914,BP,4.771
TMA-ZAIN-G-230,/MBC,SF,7.011,ENP,6.344,ZCF,5.825,BP,5.743,B,5.633
TMA-ZAIN-G-231,/MBC,LB,6.879,ENP,6.682,ZCF,6.197,TS,6.14,WB,5.377
TMA-ZAIN-G-232,/MBC,TS,5.823,ENP,5.444,ZFI,5.29,WB,5.287,SW,5.179
TMA-ZAIN-G-233,/MBC,LB,5.536,ENP,5.453,B,5.391,ZCF,5.257,WB,5.152
TMA-ZAIN-G-234,/MBC,SF,5.92,ENP,5.777,B,5.276,TS,5.011,CR,4.894
TMA-ZAIN-G-235,/MBC,B,5.831,ENP,5.601,TS,5.551,SW,5.396,ZFW,5.154
TMA-ZAIN-G-236,/MBC,BP,7.04,ENP,6.772,LB,5.929,TS,5.853,SW,5.156
TMA-ZAIN-G-237,/MBC,BP,6.65,ENP,5.513,B,5.466,TS,5.225,K,4.484
TMA-ZAIN-G-238,/MBC,BP,7.206,ENP,6.525,TS,5.96,ZCF,5.342,B,5.295
TMA-ZAIN-G-239,/MBC,TS,5.664,ENP,5.565,ONF,4.76,SF,4.662,ZFENP,4.364
TMA-ZAIN-G-240,/MBC,LB,6.272,PB,5.971,BP,5.559,K,5.161,BP,4.418
TMA-ZAIN-G-241,/MBC,LB,5.812,PB,5.331,TS,5.289,K,5.22,B,5.137
TMA-ZAIN-G-242,/MBC,B,5.583,PB,5.314,BP,5.222,BP,5.054,BP,4.888
TMA-ZAIN-G-243,/MBC,B,5.902,PB,4.863,BP,4.855,BP,4.838,K,4.811
TMA-ZAIN-G-244,/MBC,B,5.741,PB,5.452,BP,5.353,BP,5.117,BP,4.973
TMA-ZAIN-G-245,/MBC,B,6.213,PB,5.439,BP,5.141,FDSP,4.983,TSP2,4.879
TMA-ZAIN-G-246,/MBC,B,5.89,PB,5.466,LB,4.685,BP,4.676,K,4.625
TMA-ZAIN-G-248,/MBC,K,5.944,PB,5.685,B,5.58,LB,5.464,BP,4.96
TMA-ZAIN-G-249,/MBC,LB,5.749,PB,5.695,B,5.607,BP,5.238,TS,4.708
TMA-ZAIN-G-250,/MBC,B,6.417,PB,5.472,K,4.774,BP,4.731,LB,4.613
TMA-ZAIN-G-251,/MBC,B,6.035,PB,5.85,K,5.654,LB,5.471,BP,5.214
TMA-ZAIN-G-252,/MBC,B,5.812,PB,5.545,K,5.321,TS,5.135,BP,4.868
TMA-ZAIN-G-253,/MBC,SF,6.363,CC,5.205,ZFCC,5.167,O,5.074,B,4.971
TMA-ZAIN-G-254,/MBC,SF,5.89,CC,5.451,WB,5.379,O,5.124,CR,4.63
TMA-ZAIN-G-255,/MBC,SF,6.508,CC,6.024,B,5.28,ZFCC,5.061,SW,4.709
TMA-ZAIN-G-256,/MBC,SF,6.945,CC,5.463,WB,5.037,CR,4.898,TS,4.606
TMA-ZAIN-G-257,/MBC,SF,6.063,CC,5.193,WB,5.08,O,4.956,B,4.946
TMA-ZAIN-G-258,/MBC,WB,5.147,CC,4.971,TSP,4.924,CNS,4.619,TSP2,4.529
TMA-ZAIN-G-259,/MBC,SF,5.273,CC,5.19,TS,4.944,O,4.877,B,4.766
TMA-ZAIN-G-260,/MBC,SF,6.407,CC,5.228,ZFCC,5.139,CR,4.998,O,4.989
TMA-ZAIN-G-261,/MBC,WB,5.214,CC,5.142,TS,5.116,SW,4.929,B,4.823
TMA-ZAIN-G-262,/MBC,WB,5.887,CC,5.567,SF,4.935,ZFCC,4.652,B,4.585
TMA-ZAIN-G-263,/MBC,TS,5.678,CC,5.451,SF,5.432,SW,5.355,ONF,4.635
TMA-ZAIN-G-264,/MBC,SF,6.359,CC,5.488,B,4.974,SW,4.97,ZFCC,4.911
TMA-ZAIN-G-265,/MBC,SF,6.682,CC,5.656,SW,5.589,B,5.208,ZFCC,5.058
TMA-ZAIN-G-266,/MBC,SF,6.275,CC,5.052,ZFCC,5.046,WB,5.043,B,4.876
TMA-ZAIN-G-267,/MBC,LB,7.651,NWS_South,7.575,TS,5.287,ZCF,5.133,B,5.048
TMA-ZAIN-G-268,/MBC,TS,5.823,NWS_South,5.56,ZFCC,5.129,B,4.987,O,4.465
TMA-ZAIN-G-269,/MBC,TS,7.119,NWS_South,5.706,B,5.173,BP,5.07,WB,4.9
TMA-ZAIN-G-270,/MBC,SF,5.517,TS,5.424,SW,5.3,B,5.265,ZFI,5.182
TMA-ZAIN-G-271,/MBC,TS,5.815,TS,5.715,B,5.335,ZFI,5.146,SF,5.083
TMA-ZAIN-G-272,/MBC,TS,5.851,TS,5.326,B,5.203,LB,5.011,BP,4.645
TMA-ZAIN-G-273,/MBC,LB,5.657,TS,5.643,TS,5.292,BP,5.196,SF,5.03
TMA-ZAIN-G-274,/MBC,TS,6.649,TS,5.968,B,5.838,ZFI,5.282,LB,5.04
TMA-ZAIN-G-275,/MBC,SF,6.296,TS,6.24,B,5.641,ZFI,5.274,SW,5.049
TMA-ZAIN-G-276,/MBC,WB,6.034,TS,5.463,TS,5.447,SW,5.279,B,4.998
TMA-ZAIN-G-277,/MBC,SF,6.135,TS,5.571,WB,5.44,ZFI,5.072,TS,4.739
TMA-ZAIN-G-278,/MBC,B,5.551,TS,4.77,WB,4.694,SF,4.516,LB,4.468
TMA-ZAIN-G-279,/MBC,TS,5.691,TS,5.164,B,5.133,SF,5.065,ONF,4.478
TMA-ZAIN-G-280,/MBC,TS,6.059,TS,5.556,B,4.989,LB,4.81,WB,4.741
TMA-ZAIN-G-281,/MBC,SF,6.5,TS,6.056,WB,5.617,ZFI,5.322,B,5.305
TMA-ZAIN-G-282,/MBC,SF,5.736,TS,5.694,B,5.362,ZFI,5.138,SW,4.893
TMA-ZAIN-G-283,/MBC,TS,5.803,TS,5.086,SF,5.001,WB,4.654,ZFI,4.632
TMA-ZAIN-G-284,/MBC,SF,5.794,TS,5.628,B,5.41,TS,5.182,ZCF,5.05
TMA-ZAIN-G-285,/MBC,SF,6.803,TS,6.145,B,5.582,CR,5.105,ZCF,5.027
TMA-ZAIN-G-286,/MBC,SF,6.133,TS,5.694,B,5.393,SW,5.314,CR,5.088
TMA-ZAIN-G-287,/MBC,SF,7.174,TS,5.625,WB,5.493,B,5.345,TS,5.293
TMA-ZAIN-G-288,/MBC,WB,6.082,TS,5.869,SF,5.77,B,5.083,ZCF,5.037
TMA-ZAIN-G-289,/MBC,WB,6.608,TS,5.965,TS,5.388,SW,5.241,B,4.991
TMA-ZAIN-G-290,/MBC,SF,6.973,TS,6.103,WB,6.095,B,5.388,ZFI,5.344
TMA-ZAIN-G-291,/MBC,TS,6.294,TS,6.098,WB,5.824,B,5.346,ZFI,4.843
TMA-ZAIN-G-292,/MBC,TS,6.119,TS,6.01,WB,5.616,B,5.23,ZCF,5.095
TMA-ZAIN-G-293,/MBC,SF,6.184,NWS_South,5.42,TS,5.355,SW,5.193,ZFI,4.464
TMA-ZAIN-G-294,/MBC,ONF,5.724,NWS_North,5.674,BP,5.419,BP,5.249,TSP2,5.102
TMA-ZAIN-G-295,/MBC,B,5.929,NWS_North,4.774,FDSP,4.762,BP,4.678,ONF,4.643
TMA-ZAIN-G-296,/MBC,LB,6.577,NWS_North,6.3,B,5.213,BP,4.957,TSP2,4.581
TMA-ZAIN-G-297,/MBC,LB,5.485,NWS_North,5.466,TS,5.246,BP,5.19,ZCF,4.939
TMA-ZAIN-G-298,/MBC,ONF,5.803,NWS_North,5.398,B,5,LB,4.593,BP,4.488
TMA-ZAIN-G-299,/MBC,B,6.326,NWS_North,5.514,ONF,5.487,BP,4.694,BP,4.571
TMA-ZAIN-G-301,/MBC,B,5.833,NWS_North,5.326,BP,5.232,LB,5.074,ONF,5.012
TMA-ZAIN-G-302,/MBC,B,6.055,NWS_North,5.683,BP,5.379,ONF,5.24,FDSP,5.193
TMA-ZAIN-G-303,/MBC,B,5.258,NWS_North,5.129,WB,5.121,BP,4.814,TS,4.561
TMA-ZAIN-G-304,/MBC,B,6.201,NWS_North,5.659,ONF,5.025,FDSP,4.983,BP,4.979
TMA-ZAIN-G-305,/MBC,BP,5.958,NWS_North,5.878,LB,5.703,ZCF,5.317,ZFENP,4.926
TMA-ZAIN-G-306,/MBC,TS,5.232,NWS_South,5.007,K,4.993,ONF,4.943,LB,4.933
TMA-ZAIN-G-307,/MSBG,B,5.951,NA,4.972,SF,4.662,BP,4.601,ONF,4.486
TMA-ZAIN-G-308,/MSBG,LB,5.843,NA,5.619,B,5.416,BP,5.185,BP,4.97
TMA-ZAIN-G-309,/MSBG,B,5.339,NA,5.075,SF,4.638,BP,4.633,O,4.534
TMA-ZAIN-G-310,/MSBG,B,5.918,NA,5.05,LB,4.892,BP,4.717,ONF,4.705
TMA-ZAIN-G-311,/MSBG,TS,5.864,NA,5.07,B,4.994,WB,4.832,CNS,4.446
TMA-ZAIN-G-312,/MSBG,BP,5.206,NA,5.153,B,5.103,BP,4.853,TSP2,4.777
TMA-ZAIN-G-313,/MSBG,B,6.235,NA,5.863,BP,5.71,FDSP,5.369,TSP2,5.234
TMA-ZAIN-G-314,/MSBG,ONF,5.819,NA,5.679,TS,5.066,BP,4.709,ONF,4.562
TMA-ZAIN-G-315,/MSBG,TS,6.725,NA,6.712,SF,5.612,CR,4.528,SW,4.466
TMA-ZAIN-G-316,/MSBG,TS,5.44,NA,5.147,WB,4.667,BP,4.533,ONF,4.523
TMA-ZAIN-G-317,/MSBG,WB,6.061,NA,5.773,ZCF,5.482,CR,5.025,ZFENP,4.817
TMA-ZAIN-G-318,/MSBG,B,5.903,NA,5.592,TS,5.479,ZCF,5.432,LB,5.338
TMA-ZAIN-G-319,/MSBG,B,5.995,NA,5.408,ZCF,5.399,TS,5.281,SF,5.216
TMA-ZAIN-G-320,/MSBG,SF,5.936,NA,5.64,B,5.37,WB,4.987,SW,4.66
TMA-ZAIN-G-321,/MSBG,WB,6.223,NA,5.073,SF,4.966,ZFI,4.78,ZFENP,4.552
TMA-ZAIN-G-322,/AA,TS,6.221,NA,5.92,BP,5.017,LB,4.825,ZFSW2,4.807
TMA-ZAIN-G-323,/AA,ONF,5.432,NA,5.424,BP,5.036,TS,5.027,TSP2,4.948
TMA-ZAIN-G-324,/HBG,B,5.525,NA,5.238,SF,4.831,WB,4.489,BP,4.476
TMA-ZAIN-G-325,/HBG,B,5.942,NA,5.895,LB,5.37,SF,5.15,ZCF,4.965
TMA-ZAIN-G-326,/FTBG,B,5.101,NA,4.89,TS,4.553,SF,4.508,ONF,4.437
TMA-ZAIN-G-327,/FTBG,B,6.537,NA,5.413,LB,5.366,TS,5.101,CR,4.421
TMA-ZAIN-G-328,/FTBG,BP,5.044,NA,5,BP,4.997,TS,4.992,B,4.955
TMA-ZAIN-G-329,/FTBG,TS,6.954,NA,6.287,SF,4.726,ZCF,4.501,ZFENP,4.356
TMA-ZAIN-G-330,/FTBG,TS,5.716,NA,5.087,ZFCC,4.904,WB,4.488,O,4.415
TMA-ZAIN-G-331,/FTBG,B,6.422,NA,5.365,ZFW,5.267,SW,4.874,SF,4.696
TMA-ZAIN-G-332,/FTBG,B,5.522,NA,5.319,ONF,4.754,BP,4.71,BP,4.668
TMA-ZAIN-G-333,/UCBBG,TS,5.936,NA,5.52,BP,5.056,LB,4.982,ZCF,4.819
TMA-ZAIN-G-334,/UCBBG,LB,6.157,NA,5.713,TS,5.408,BP,4.87,K,4.85
TMA-ZAIN-G-335,/UCBBG,B,6.109,NA,5.357,BP,4.806,CR,4.52,BP,4.435
TMA-ZAIN-G-336,/UCBBG,B,6.197,NA,5.289,O,5.153,ZFW,4.907,ZFCC,4.87
TMA-ZAIN-G-337,/UCBBG,TS,6.295,NA,5.199,B,5.187,SF,5.181,K,5.143
TMA-ZAIN-G-338,/UCBBG,K,5.643,NA,4.893,WB,4.856,LB,4.808,BP,4.786
TMA-ZAIN-G-339,/UCBBG,TS,6.196,NA,5.263,SW,5.038,WB,4.82,SF,4.767
TMA-ZAIN-G-340,/UCBBG,SF,6.728,NA,6.002,TS,5.823,ZFI,5.371,ZCF,5.227
TMA-ZAIN-G-341,/UCBBG,SF,5.986,NA,5.972,B,5.356,ZCF,4.918,ZFI,4.901
TMA-ZAIN-G-342,/UCBBG,SF,6.025,NA,5.316,WB,5.13,SW,4.929,ZFI,4.641
TMA-ZAIN-G-343,/UCBBG,LB,5.489,NA,5.486,K,5.328,BP,5.19,TS,4.638
TMA-ZAIN-G-344,/UCBBG,B,5.013,NA,4.797,K,4.728,SF,4.415,LB,4.374
TMA-ZAIN-G-345,/UCBBG,B,5.329,NA,5.055,LB,4.947,BP,4.639,K,4.581
TMA-ZAIN-G-347,/GWL,SF,5.474,NA,5.436,ZFI,4.92,WB,4.798,ZCF,4.766
TMA-ZAIN-G-348,/GWL,TS,6.124,NA,5.593,WB,5.27,B,5.189,ZFI,4.763
TMA-ZAIN-G-349,/GWL,WB,5.55,NA,5.516,B,4.783,LB,4.7,BP,4.679
TMA-ZAIN-G-350,/GWL,SF,6.404,NA,5.528,B,5.262,K,4.609,TS,4.557
TMA-ZAIN-G-351,/GWL,SF,6.488,NA,5.764,B,5.452,ZFI,5.21,TS,4.886
TMA-ZAIN-G-352,/GWL,TS,6.881,NA,5.97,B,5.423,ZFI,5.035,WB,4.94
TMA-ZAIN-G-353,/GWL,SF,5.682,NA,5.655,B,5.426,WB,5.228,ZFI,4.635
TMA-ZAIN-G-354,/GWL,TS,6.008,NA,5.115,K,4.769,SF,4.743,LB,4.505
TMA-ZAIN-G-355,/GWL,TS,6.164,NA,5.689,WB,5.449,B,5.042,ZFI,4.822
TMA-ZAIN-G-356,/GWL,LB,5.77,NA,5.423,K,5.147,B,5.138,TS,4.767
TMA-ZAIN-G-357,/GWL,TS,5.797,NA,5.135,B,5.1,WB,4.779,ZFI,4.741
TMA-ZAIN-G-358,/GWL,SF,6.252,NA,5.562,WB,5.558,ZFI,5.174,TS,4.721
TMA-ZAIN-G-359,/GWL,B,5.254,NA,4.774,ZFI,4.703,TS,4.589,WB,4.555
TMA-ZAIN-G-360,/HPLG,B,7.227,NWS_North,6.111,CR,4.92,TS,4.906,ZFW,4.639
TMA-ZAIN-G-361,/HPLG,B,6.239,NWS_North,5.183,ONF,4.757,BP,4.644,FDSP,4.602
TMA-ZAIN-G-362,/HPLG,B,5.649,NWS_North,4.788,TSP,4.568,TSP2,4.516,TS,4.48
TMA-ZAIN-G-363,/HPLG,B,6.363,NWS_North,5.479,LB,4.801,TS,4.726,CR,4.526
TMA-ZAIN-G-364,/HPLG,B,6.79,NWS_North,5.667,SF,5.082,CR,4.873,ZFW,4.574
TMA-ZAIN-G-365,/HPLG,B,5.602,NWS_North,5.576,TS,4.684,BP,4.622,ONF,4.601
TMA-ZAIN-G-366,/HPLG,B,7.309,NWS_North,5.211,FDSP,4.893,BP,4.749,LB,4.724
TMA-ZAIN-G-367,/NBG,B,5.734,NWS_South,5.516,LB,4.86,BP,4.739,ZFENP,4.628
TMA-ZAIN-G-368,/NBG,BP,5.943,NA,5.861,B,5.456,ZCF,5.273,WB,5.132
TMA-ZAIN-G-369,/NBG,BP,6.454,NA,5.976,B,5.465,BP,5.126,BP,4.833
TMA-ZAIN-G-370,/NBG,LB,6.93,NWS_South,6.18,WB,4.909,BP,4.766,B,4.752
TMA-ZAIN-G-371,/NBG,B,5.943,NWS_South,5.1,SW,5.005,CR,4.998,ONF,4.942
TMA-ZAIN-G-372,/NBG,WB,5.384,NA,5.134,B,4.947,TS,4.878,LB,4.628
TMA-ZAIN-G-373,/NBG,B,6.167,NWS_South,4.753,BP,4.687,LB,4.673,BP,4.632
TMA-ZAIN-G-374,/NBG,BP,5.271,NWS_South,5.162,LB,5.143,BP,4.907,TSP2,4.549
TMA-ZAIN-G-376,/NBG,B,5.792,NWS_South,5.546,ONF,5.32,BP,4.894,TSP2,4.759
TMA-ZAIN-G-377,/NBG,BP,6.025,NWS_South,5.39,B,5.363,FDSP,4.882,ONF,4.819
TMA-ZAIN-G-378,/NBG,B,6.752,NA,5.975,ZFI,4.483,ZFW,4.375,ZFSW2,4.247
TMA-ZAIN-G-379,/KWTFBG,TS,5.756,NA,5.505,B,5.08,ZCF,4.885,WB,4.824
TMA-ZAIN-G-380,/KWTFBG,B,5.445,NA,5.314,BP,5.205,ONF,4.915,ZCF,4.749
TMA-ZAIN-G-381,/KWTFBG,B,6.673,NA,5.043,LB,4.926,ZCF,4.782,BP,4.731
TMA-ZAIN-G-382,/KWTFBG,B,6.861,NA,5.333,FDSP,5.306,BP,5.266,SF,4.555
TMA-ZAIN-G-383,/KWTFBG,FDSP,6.221,NA,5.981,BP,5.837,BP,5.792,ONF,5.302
TMA-ZAIN-G-384,/KWTFBG,B,6.686,NA,6.441,O,5.009,CR,4.78,SW,4.594
TMA-ZAIN-G-385,/KWTFBG,B,5.664,Key_West,5.031,BP,4.981,BP,4.912,WB,4.806
TMA-ZAIN-G-386,/KWTFBG,BP,6.298,Key_West,6.243,TS,6.184,WB,5.663,B,4.825
TMA-ZAIN-G-387,/KWTFBG,TS,5.807,NA,5.271,BP,4.626,LB,4.58,CR,4.493
