Ind,Botanic_Garden,First_Pop,First_Per,Wild_Source,Second_Pop,Second_Per,Third_Pop,Third_Per,Fourth_Pop,Fourth_Per,Fifth_Pop,Fifth_Per
TMA-ZAIN-G-1,/MBC,SF,4.753,NWS_North,CR,4.542,W,4.537,ZFSW2,4.433,B,4.392
TMA-ZAIN-G-2,/MBC,SW,5.15,NWS_North,B,4.768,CR,4.754,ENP,4.338,W,4.337
TMA-ZAIN-G-3,/MBC,B,4.868,ONF,ONF,4.586,BP,4.324,ONF,4.301,ZFFDSP,4.265
TMA-ZAIN-G-4,/MBC,B,4.605,NWS_South,BP,4.522,LB,4.416,ONF,4.402,BP,4.32
TMA-ZAIN-G-5,/MBC,CR,4.946,NWS_North,W,4.555,SF,4.51,WB,4.508,SW,4.438
TMA-ZAIN-G-6,/MBC,B,4.389,ONF,ONF,4.3,CC,4.294,BP,4.273,TS,4.262
TMA-ZAIN-G-7,/MBC,ONF,4.767,LTI,TS,4.575,BP,4.44,CR,4.338,BP,4.328
TMA-ZAIN-G-8,/MBC,ONF,4.461,LTI,CR,4.396,SF,4.327,ONF,4.28,BP,4.262
TMA-ZAIN-G-9,/MBC,ONF,5.012,FDSP,ONF,4.4,BP,4.348,ENP,4.316,CF,4.296
TMA-ZAIN-G-10,/MBC,B,4.871,FDSP,TS,4.601,BP,4.311,ENP,4.299,CF,4.271
TMA-ZAIN-G-11,/MBC,ONF,4.637,FDSP,BP,4.434,CF,4.399,LB,4.396,TSP,4.285
TMA-ZAIN-G-12,/MBC,B,5.132,FDSP,CR,4.474,BP,4.358,CF,4.287,ONF,4.252
TMA-ZAIN-G-13,/MBC,ONF,4.987,FDSP,BP,4.858,BP,4.852,TSP,4.61,O,4.42
TMA-ZAIN-G-14,/MBC,B,4.997,CNS,TS,4.68,CC,4.326,CR,4.278,O,4.25
TMA-ZAIN-G-15,/MBC,B,4.537,CNS,CC,4.437,O,4.389,CR,4.312,W,4.309
TMA-ZAIN-G-16,/MBC,B,4.829,FDSP,ONF,4.63,BP,4.486,BP,4.434,TSP,4.372
TMA-ZAIN-G-17,/MBC,ENP,4.429,NWS_North,CF,4.362,B,4.306,CR,4.254,SF,4.209
TMA-ZAIN-G-18,/MBC,SF,5.101,ENP,CR,4.607,SW,4.448,CF,4.429,ENP,4.424
TMA-ZAIN-G-19,/MBC,TS,4.861,ENP,CF,4.621,B,4.591,ENP,4.432,SF,4.375
TMA-ZAIN-G-20,/MBC,SF,4.976,ENP,TS,4.651,B,4.645,WB,4.623,SW,4.583
TMA-ZAIN-G-21,/MBC,B,4.581,PB,ENP,4.337,K,4.335,SF,4.25,CR,4.242
TMA-ZAIN-G-22,/MBC,SF,4.813,TS,WB,4.69,SW,4.631,B,4.601,TS,4.588
TMA-ZAIN-G-23,/MBC,SW,4.874,TS,ZFI,4.653,SF,4.611,B,4.521,TS,4.504
TMA-ZAIN-G-24,/MBC,WB,5.411,TS,B,4.686,BP,4.56,BP,4.479,CR,4.386
TMA-ZAIN-G-25,/MBC,B,4.817,NWS_South,ENP,4.611,W,4.597,SF,4.582,CR,4.554
TMA-ZAIN-G-26,/MBC,CF,4.771,OS,ENP,4.613,B,4.589,BP,4.482,LB,4.436
TMA-ZAIN-G-27,/MBC,TS,5.274,CR,BP,4.855,ENP,4.771,LB,4.735,CF,4.6
TMA-ZAIN-G-28,/MBC,TS,5.093,NWS_North,SF,4.781,ENP,4.496,B,4.399,WB,4.377
TMA-ZAIN-G-29,/MBC,WB,4.7,ONF,B,4.533,SF,4.451,ONF,4.412,ENP,4.403
TMA-ZAIN-G-30,/MBC,TS,4.874,WB,B,4.754,ONF,4.405,SF,4.349,BP,4.313
TMA-ZAIN-G-31,/MBC,SF,4.71,W,CR,4.675,W,4.424,WB,4.42,SW,4.393
TMA-ZAIN-G-32,/MBC,B,4.622,SW,ONF,4.516,W,4.381,SW,4.338,CR,4.315
TMA-ZAIN-G-33,/MBC,ONF,4.728,NWS_North,B,4.485,ONF,4.292,CR,4.288,CF,4.204
TMA-ZAIN-G-34,/MBC,ONF,4.757,ONF,B,4.643,BP,4.565,BP,4.264,TSP,4.222
TMA-ZAIN-G-35,/MBC,B,4.843,ONF,W,4.459,TS,4.427,SF,4.401,ZFI,4.315
TMA-ZAIN-G-36,/MBC,CF,4.487,NWS_North,B,4.483,TS,4.376,ONF,4.353,ENP,4.288
TMA-ZAIN-G-37,/MBC,B,4.553,SF,CC,4.469,CF,4.43,LB,4.406,CR,4.303
TMA-ZAIN-G-38,/MBC,B,4.681,I,ONF,4.65,CR,4.4,W,4.386,CC,4.359
TMA-ZAIN-G-39,/MBC,B,4.923,BP,BP,4.458,CR,4.369,BP,4.357,ENP,4.353
TMA-ZAIN-G-40,/MBC,BP,4.592,BP,BP,4.576,BP,4.521,TSP,4.452,ENP,4.392
TMA-ZAIN-G-41,/MBC,O,5.126,TS,B,4.988,CC,4.581,ENP,4.365,BP,4.179
TMA-ZAIN-G-42,/MBC,O,4.857,TS,CC,4.583,CR,4.342,ENP,4.247,B,4.237
TMA-ZAIN-G-43,/MBC,B,4.841,CNS,TS,4.596,ZFI,4.258,SW,4.188,CR,4.135
TMA-ZAIN-G-44,/MBC,LB,4.509,LB,BP,4.416,BP,4.389,BP,4.343,ENP,4.324
TMA-ZAIN-G-45,/MBC,B,5.05,FDSP,BP,4.797,CR,4.519,LB,4.46,BP,4.393
TMA-ZAIN-G-46,/MBC,B,4.438,PB,CR,4.36,TS,4.298,ENP,4.277,WB,4.273
TMA-ZAIN-G-47,/MBC,SF,4.76,CC,CR,4.452,ENP,4.404,SW,4.385,CC,4.334
TMA-ZAIN-G-48,/MBC,B,4.544,NWS_South,TS,4.484,ENP,4.267,LB,4.25,CF,4.223
TMA-ZAIN-G-49,/MBC,CF,4.722,NWS_South,B,4.475,TS,4.454,ENP,4.427,LB,4.383
TMA-ZAIN-G-50,/MBC,TS,4.447,NWS_South,CF,4.308,ENP,4.253,ZFI,4.205,B,4.203
TMA-ZAIN-G-51,/MBC,CF,4.873,NWS_South,LB,4.778,TS,4.767,ENP,4.719,B,4.548
TMA-ZAIN-G-52,/MBC,TS,5.432,NWS_South,LB,4.693,B,4.638,CF,4.448,CR,4.348
TMA-ZAIN-G-53,/MBC,CF,4.832,NWS_South,WB,4.513,ENP,4.485,TS,4.447,LB,4.343
TMA-ZAIN-G-54,/MBC,SF,5.135,OS,CR,4.474,O,4.425,SW,4.368,B,4.363
TMA-ZAIN-G-55,/MBC,SF,5.13,OS,O,4.522,SW,4.396,CR,4.362,B,4.332
TMA-ZAIN-G-56,/MBC,TS,4.881,OS,CF,4.741,BP,4.718,B,4.678,ENP,4.482
TMA-ZAIN-G-57,/MBC,SF,4.668,OS,SW,4.578,CR,4.503,B,4.419,ENP,4.189
TMA-ZAIN-G-58,/MBC,CR,4.705,CR,ENP,4.573,CF,4.553,WB,4.496,CC,4.254
TMA-ZAIN-G-59,/MBC,ONF,4.749,NWS_North,TS,4.471,BP,4.45,CR,4.418,CF,4.378
TMA-ZAIN-G-60,/MBC,TS,4.997,NWS_North,BP,4.808,CF,4.789,ENP,4.778,LB,4.745
TMA-ZAIN-G-61,/MBC,ONF,4.531,NWS_North,CR,4.407,CC,4.365,BP,4.362,SW,4.2
TMA-ZAIN-G-62,/MBC,SF,5.075,NWS_North,CR,4.658,CC,4.482,B,4.405,O,4.285
TMA-ZAIN-G-63,/MBC,CR,4.831,NWS_North,SW,4.752,SF,4.673,B,4.626,W,4.532
TMA-ZAIN-G-64,/MBC,ONF,4.613,ONF,B,4.612,BP,4.444,WB,4.345,ZFFDSP,4.304
TMA-ZAIN-G-65,/MBC,B,4.999,ONF,W,4.356,ONF,4.314,ZFFDSP,4.229,ONF,4.154
TMA-ZAIN-G-66,/MBC,B,4.807,ONF,ONF,4.497,BP,4.453,TSP,4.333,ONF,4.306
TMA-ZAIN-G-67,/MBC,B,4.795,ONF,ONF,4.485,BP,4.437,BP,4.32,ONF,4.249
TMA-ZAIN-G-68,/MBC,ONF,4.762,ONF,B,4.303,WB,4.294,ONF,4.257,ENP,4.247
TMA-ZAIN-G-69,/MBC,ONF,4.837,ONF,ONF,4.537,BP,4.318,WB,4.241,B,4.165
TMA-ZAIN-G-70,/MBC,ONF,5.19,ONF,BP,4.868,BP,4.746,ZFFDSP,4.611,TSP,4.578
TMA-ZAIN-G-71,/MBC,B,5.11,ONF,BP,4.451,O,4.442,CR,4.43,ENP,4.373
TMA-ZAIN-G-72,/MBC,B,4.629,ONF,BP,4.516,SW,4.434,ONF,4.391,TS,4.371
TMA-ZAIN-G-73,/MBC,B,4.872,ONF,CR,4.678,SW,4.473,SF,4.391,ENP,4.36
TMA-ZAIN-G-74,/MBC,BP,4.76,ONF,BP,4.746,B,4.647,O,4.55,ZFFDSP,4.514
TMA-ZAIN-G-75,/MBC,B,4.733,ONF,CR,4.672,SF,4.567,O,4.46,SW,4.41
TMA-ZAIN-G-76,/MBC,B,4.678,ONF,BP,4.618,BP,4.481,O,4.472,ZFFDSP,4.339
TMA-ZAIN-G-77,/MBC,B,4.808,ONF,TS,4.549,SW,4.425,CR,4.355,CF,4.352
TMA-ZAIN-G-78,/MBC,B,4.634,ONF,TS,4.512,CR,4.475,ONF,4.434,BP,4.337
TMA-ZAIN-G-79,/MBC,B,4.664,ONF,TS,4.657,CR,4.437,CF,4.392,ONF,4.302
TMA-ZAIN-G-80,/MBC,B,4.869,ONF,BP,4.562,CR,4.507,SF,4.473,BP,4.46
TMA-ZAIN-G-81,/MBC,B,4.892,ONF,ENP,4.516,CR,4.417,TS,4.385,CF,4.354
TMA-ZAIN-G-82,/MBC,B,4.484,ONF,ONF,4.442,CR,4.366,ONF,4.361,BP,4.247
TMA-ZAIN-G-83,/MBC,B,4.806,ONF,ONF,4.506,ONF,4.321,BP,4.301,BP,4.234
TMA-ZAIN-G-84,/MBC,B,5.004,ONF,BP,4.41,BP,4.385,BP,4.368,ENP,4.364
TMA-ZAIN-G-85,/MBC,LB,4.748,K,BP,4.708,TS,4.562,B,4.459,CF,4.327
TMA-ZAIN-G-86,/MBC,LB,4.844,K,BP,4.802,B,4.526,ENP,4.293,TS,4.237
TMA-ZAIN-G-87,/MBC,LB,4.561,K,BP,4.517,TS,4.486,SW,4.468,B,4.461
TMA-ZAIN-G-88,/MBC,ONF,4.519,NWS_South,B,4.488,BP,4.461,BP,4.303,ZFFDSP,4.251
TMA-ZAIN-G-89,/MBC,BP,4.577,NWS_South,ONF,4.494,B,4.45,BP,4.432,ZFFDSP,4.403
TMA-ZAIN-G-90,/MBC,LB,4.689,NWS_South,BP,4.643,CF,4.624,TS,4.612,ENP,4.567
TMA-ZAIN-G-91,/MBC,LB,4.931,NWS_South,BP,4.809,TS,4.478,CF,4.443,ENP,4.332
TMA-ZAIN-G-92,/MBC,TS,5.11,NWS_South,WB,4.669,ENP,4.626,CF,4.597,CR,4.481
TMA-ZAIN-G-93,/MBC,TS,5.117,NWS_South,WB,4.705,CF,4.489,ENP,4.455,CR,4.306
TMA-ZAIN-G-94,/MBC,TS,4.688,NWS_South,WB,4.488,ENP,4.459,CR,4.44,CF,4.38
TMA-ZAIN-G-95,/MBC,SF,5.226,WB,TS,5.092,SW,4.722,B,4.679,ZFI,4.654
TMA-ZAIN-G-96,/MBC,TS,5.037,WB,SF,4.698,SW,4.683,B,4.602,ENP,4.543
TMA-ZAIN-G-97,/MBC,CF,4.595,W,CR,4.486,ONF,4.412,SF,4.376,ENP,4.328
TMA-ZAIN-G-98,/MBC,ONF,4.634,W,CF,4.557,CR,4.5,TS,4.47,ENP,4.256
TMA-ZAIN-G-99,/MBC,ONF,5.137,W,BP,4.74,BP,4.625,ZFFDSP,4.435,TSP,4.383
TMA-ZAIN-G-101,/MBC,BP,5.226,W,LB,4.934,CF,4.51,CR,4.5,ENP,4.453
TMA-ZAIN-G-102,/MBC,CR,4.757,W,SW,4.496,ONF,4.453,WB,4.422,BP,4.303
TMA-ZAIN-G-103,/MBC,SW,4.683,SW,WB,4.393,B,4.37,ZFI,4.367,CR,4.349
TMA-ZAIN-G-104,/MBC,B,4.607,SW,SF,4.512,CF,4.501,TS,4.5,ZFI,4.493
TMA-ZAIN-G-105,/MBC,SF,5.086,SW,CR,4.513,W,4.444,ZFI,4.429,WB,4.344
TMA-ZAIN-G-106,/MBC,B,4.671,SW,TS,4.585,CF,4.585,SF,4.548,ZFI,4.522
TMA-ZAIN-G-107,/MBC,BP,4.75,NWS_North,BP,4.724,ONF,4.69,B,4.42,ZFFDSP,4.373
TMA-ZAIN-G-108,/MBC,B,4.728,NWS_North,ONF,4.667,CR,4.522,BP,4.324,CF,4.294
TMA-ZAIN-G-109,/MBC,BP,5.217,NWS_North,LB,4.895,B,4.77,CF,4.43,TS,4.425
TMA-ZAIN-G-110,/MBC,B,4.96,NWS_North,ONF,4.562,CR,4.521,W,4.416,BP,4.394
TMA-ZAIN-G-111,/MBC,ONF,4.742,NWS_North,BP,4.549,B,4.46,BP,4.454,CR,4.329
TMA-ZAIN-G-112,/MBC,SF,5.5,NWS_North,B,5.062,CR,4.567,W,4.34,SW,4.212
TMA-ZAIN-G-113,/MBC,B,5.035,NWS_North,CR,4.544,SF,4.493,CF,4.258,WB,4.214
TMA-ZAIN-G-114,/MBC,ONF,4.834,NWS_North,CR,4.781,B,4.628,WB,4.302,BP,4.282
TMA-ZAIN-G-115,/MBC,ONF,4.668,NWS_North,CR,4.618,B,4.442,BP,4.403,BP,4.316
TMA-ZAIN-G-116,/MBC,W,5.035,NWS_North,CR,4.979,B,4.929,SW,4.667,SF,4.455
TMA-ZAIN-G-117,/MBC,B,4.697,ONF,ONF,4.549,SF,4.429,BP,4.425,CR,4.318
TMA-ZAIN-G-118,/MBC,B,4.87,ONF,TS,4.461,CR,4.255,ONF,4.215,SW,4.161
TMA-ZAIN-G-119,/MBC,B,5.285,ONF,SF,4.762,W,4.487,CR,4.33,ONF,4.234
TMA-ZAIN-G-120,/MBC,B,4.622,ONF,ONF,4.536,BP,4.52,SF,4.387,BP,4.302
TMA-ZAIN-G-121,/MBC,B,5.218,ONF,TS,4.606,SF,4.442,ZFI,4.332,W,4.31
TMA-ZAIN-G-122,/MBC,B,4.872,ONF,TS,4.305,ONF,4.231,SF,4.219,ONF,4.217
TMA-ZAIN-G-123,/MBC,B,4.566,SF,LB,4.562,ENP,4.412,BP,4.405,CF,4.384
TMA-ZAIN-G-124,/MBC,B,4.739,I,SW,4.59,CR,4.434,ZFI,4.431,TS,4.381
TMA-ZAIN-G-125,/MBC,ONF,4.511,LTI,CF,4.402,ENP,4.274,TSP,4.226,CR,4.223
TMA-ZAIN-G-126,/MBC,CR,4.345,LTI,SF,4.315,CF,4.233,B,4.206,ENP,4.206
TMA-ZAIN-G-127,/MBC,ONF,4.429,LTI,TSP,4.328,BP,4.327,TSP,4.325,O,4.307
TMA-ZAIN-G-128,/MBC,ONF,4.497,LTI,BP,4.39,TSP,4.359,LB,4.34,BP,4.34
TMA-ZAIN-G-129,/MBC,CF,4.308,LTI,B,4.302,ONF,4.259,ONF,4.242,ENP,4.201
TMA-ZAIN-G-130,/MBC,ONF,4.677,LTI,CF,4.232,TSP,4.23,BP,4.216,BP,4.206
TMA-ZAIN-G-131,/MBC,CC,4.532,LTI,O,4.433,ONF,4.397,SF,4.357,CR,4.302
TMA-ZAIN-G-132,/MBC,CF,4.455,LTI,ONF,4.349,ENP,4.282,TS,4.252,CR,4.193
TMA-ZAIN-G-133,/MBC,CC,4.389,LTI,CF,4.3,O,4.296,B,4.293,ENP,4.274
TMA-ZAIN-G-134,/MBC,B,4.697,NWS_North,TS,4.32,ENP,4.25,CF,4.203,TSP,4.182
TMA-ZAIN-G-135,/MBC,ONF,4.601,NWS_North,BP,4.333,TSP,4.313,O,4.293,CNS,4.259
TMA-ZAIN-G-136,/MBC,ONF,5.383,NWS_North,BP,4.786,BP,4.72,TSP,4.606,ZFFDSP,4.379
TMA-ZAIN-G-137,/MBC,ONF,4.845,NWS_North,BP,4.758,ONF,4.6,BP,4.566,ZFFDSP,4.414
TMA-ZAIN-G-138,/MBC,ONF,5.266,NWS_North,BP,4.645,BP,4.632,B,4.407,TSP,4.392
TMA-ZAIN-G-139,/MBC,ONF,5.178,NWS_North,BP,4.884,BP,4.793,TSP,4.653,TSP,4.425
TMA-ZAIN-G-140,/MBC,ONF,4.939,NWS_North,BP,4.706,BP,4.58,O,4.561,TSP,4.436
TMA-ZAIN-G-141,/MBC,ONF,4.921,FDSP,B,4.701,BP,4.567,BP,4.523,TSP,4.363
TMA-ZAIN-G-142,/MBC,ONF,5.035,FDSP,BP,4.62,BP,4.457,B,4.453,TSP,4.407
TMA-ZAIN-G-143,/MBC,ONF,4.867,FDSP,B,4.833,BP,4.646,TSP,4.455,BP,4.45
TMA-ZAIN-G-144,/MBC,ONF,4.814,FDSP,B,4.476,BP,4.447,BP,4.421,TSP,4.346
TMA-ZAIN-G-145,/MBC,B,4.66,FDSP,CC,4.471,CF,4.463,CR,4.368,LB,4.331
TMA-ZAIN-G-146,/MBC,B,4.655,FDSP,ONF,4.432,BP,4.357,ONF,4.354,ZFFDSP,4.343
TMA-ZAIN-G-147,/MBC,ONF,4.841,FDSP,BP,4.76,BP,4.597,TSP,4.575,TSP,4.401
TMA-ZAIN-G-148,/MBC,BP,4.721,FDSP,BP,4.633,ONF,4.582,B,4.567,TSP,4.368
TMA-ZAIN-G-149,/MBC,TSP,4.638,FDSP,TSP,4.58,BP,4.429,ONF,4.356,CF,4.352
TMA-ZAIN-G-150,/MBC,ONF,4.789,FDSP,BP,4.556,BP,4.537,TSP,4.527,B,4.33
TMA-ZAIN-G-151,/MBC,CNS,4.538,FDSP,ONF,4.45,O,4.443,ONF,4.39,CC,4.315
TMA-ZAIN-G-152,/MBC,B,4.938,FDSP,CR,4.469,ZFFDSP,4.443,BP,4.429,O,4.353
TMA-ZAIN-G-153,/MBC,B,5.369,FDSP,SF,4.49,CR,4.437,W,4.362,O,4.245
TMA-ZAIN-G-154,/MBC,ONF,4.817,FDSP,BP,4.724,BP,4.698,TSP,4.538,B,4.455
TMA-ZAIN-G-155,/MBC,B,4.73,FDSP,ONF,4.527,BP,4.378,BP,4.361,ZFFDSP,4.325
TMA-ZAIN-G-156,/MBC,ONF,5.196,FDSP,BP,4.455,BP,4.404,TSP,4.355,B,4.348
TMA-ZAIN-G-157,/MBC,B,4.782,FDSP,O,4.716,ONF,4.482,CC,4.412,CR,4.408
TMA-ZAIN-G-158,/MBC,ONF,4.808,FDSP,B,4.542,BP,4.498,TSP,4.43,BP,4.307
TMA-ZAIN-G-159,/MBC,B,4.687,FDSP,BP,4.465,ONF,4.451,CR,4.434,SF,4.425
TMA-ZAIN-G-160,/MBC,ONF,5.359,FDSP,BP,4.672,ONF,4.596,BP,4.583,ZFFDSP,4.478
TMA-ZAIN-G-161,/MBC,ONF,5.106,FDSP,BP,4.814,B,4.547,ONF,4.485,ZFFDSP,4.418
TMA-ZAIN-G-162,/MBC,B,4.634,FDSP,CF,4.448,CR,4.368,BP,4.293,O,4.282
TMA-ZAIN-G-163,/MBC,B,4.959,FDSP,BP,4.613,ONF,4.573,ZFFDSP,4.475,CR,4.438
TMA-ZAIN-G-164,/MBC,B,4.788,FDSP,ONF,4.708,CR,4.444,BP,4.425,BP,4.39
TMA-ZAIN-G-165,/MBC,ONF,4.967,FDSP,BP,4.622,B,4.48,BP,4.407,CR,4.377
TMA-ZAIN-G-166,/MBC,ONF,5.289,FDSP,BP,4.934,BP,4.731,B,4.517,TSP,4.506
TMA-ZAIN-G-167,/MBC,BP,4.64,BP2,B,4.615,ONF,4.569,BP,4.531,CR,4.443
TMA-ZAIN-G-168,/MBC,ONF,4.825,BP2,B,4.71,BP,4.682,BP,4.475,TS,4.45
TMA-ZAIN-G-169,/MBC,B,4.841,BP2,ONF,4.508,TS,4.477,BP,4.471,BP,4.38
TMA-ZAIN-G-170,/MBC,ONF,4.664,BP2,B,4.556,BP,4.537,ONF,4.378,BP,4.304
TMA-ZAIN-G-171,/MBC,ONF,4.664,BP2,BP,4.585,B,4.553,BP,4.526,BP,4.498
TMA-ZAIN-G-172,/MBC,ONF,4.792,BP2,BP,4.711,B,4.608,BP,4.386,BP,4.382
TMA-ZAIN-G-173,/MBC,B,4.938,BP2,BP,4.761,CF,4.425,LB,4.398,ONF,4.335
TMA-ZAIN-G-174,/MBC,B,4.897,BP2,BP,4.617,CF,4.595,TS,4.545,ENP,4.362
TMA-ZAIN-G-175,/MBC,B,4.599,BP2,BP,4.557,BP,4.436,ONF,4.387,BP,4.298
TMA-ZAIN-G-176,/MBC,ONF,4.777,BP2,BP,4.697,TSP,4.494,B,4.467,TSP,4.418
TMA-ZAIN-G-177,/MBC,ONF,4.855,BP2,BP,4.729,TSP,4.567,BP,4.542,B,4.434
TMA-ZAIN-G-178,/MBC,BP,4.838,BP2,B,4.64,LB,4.476,ONF,4.366,BP,4.359
TMA-ZAIN-G-179,/MBC,B,5.099,BP2,BP,4.727,TS,4.588,CR,4.455,CF,4.372
TMA-ZAIN-G-180,/MBC,BP,4.931,BP2,B,4.73,LB,4.523,ENP,4.337,BP,4.3
TMA-ZAIN-G-181,/MBC,LB,4.471,TS,B,4.47,ONF,4.398,TSP,4.295,BP,4.26
TMA-ZAIN-G-182,/MBC,B,4.72,TS,BP,4.692,BP,4.58,O,4.528,ZFFDSP,4.516
TMA-ZAIN-G-183,/MBC,BP,4.424,TS,ONF,4.385,CC,4.343,B,4.341,LB,4.338
TMA-ZAIN-G-184,/MBC,B,5.058,TS,TSP,4.387,BP,4.311,BP,4.259,ZFFDSP,4.253
TMA-ZAIN-G-185,/MBC,B,4.933,TS,ZFFDSP,4.659,BP,4.606,BP,4.595,TSP,4.582
TMA-ZAIN-G-186,/MBC,B,4.669,TS,SF,4.545,BP,4.416,O,4.271,CR,4.25
TMA-ZAIN-G-187,/MBC,B,4.806,TS,SF,4.686,CR,4.352,BP,4.262,ENP,4.208
TMA-ZAIN-G-188,/MBC,B,4.653,TS,ONF,4.559,CR,4.347,TS,4.334,ENP,4.301
TMA-ZAIN-G-189,/MBC,SF,4.433,TS,ONF,4.281,CC,4.242,O,4.242,CR,4.209
TMA-ZAIN-G-190,/MBC,TSP,4.588,TS,BP,4.579,B,4.564,BP,4.513,TSP,4.5
TMA-ZAIN-G-191,/MBC,B,4.949,TS,TS,4.473,CR,4.439,ENP,4.355,CF,4.274
TMA-ZAIN-G-192,/MBC,BP,4.742,TS,BP,4.522,B,4.472,TSP,4.335,TSP,4.305
TMA-ZAIN-G-193,/MBC,B,4.566,TS,BP,4.536,TSP,4.444,BP,4.411,TSP,4.389
TMA-ZAIN-G-194,/MBC,B,4.656,CNS,TS,4.511,CC,4.385,O,4.328,ZFI,4.251
TMA-ZAIN-G-195,/MBC,TS,4.767,CNS,B,4.512,CC,4.466,O,4.323,ENP,4.292
TMA-ZAIN-G-196,/MBC,CC,4.831,CNS,O,4.716,TSP,4.219,ENP,4.218,CR,4.217
TMA-ZAIN-G-197,/MBC,B,4.748,CNS,O,4.414,CC,4.398,ZFI,4.314,TS,4.221
TMA-ZAIN-G-198,/MBC,B,4.663,CNS,TS,4.433,ZFI,4.136,CC,4.128,TSP,4.126
TMA-ZAIN-G-199,/MBC,B,5.027,CNS,O,4.272,BP,4.255,TSP,4.209,TSP,4.206
TMA-ZAIN-G-200,/MBC,B,4.571,CNS,SF,4.473,BP,4.364,CR,4.265,ENP,4.223
TMA-ZAIN-G-201,/MBC,TS,4.891,LB,B,4.761,SW,4.595,ZFI,4.425,ENP,4.352
TMA-ZAIN-G-202,/MBC,B,4.436,LB,TS,4.409,ENP,4.379,CR,4.251,SF,4.249
TMA-ZAIN-G-203,/MBC,BP,5.014,LB,LB,4.737,B,4.594,ENP,4.411,K,4.4
TMA-ZAIN-G-204,/MBC,ONF,4.578,LB,CC,4.488,B,4.475,O,4.361,TS,4.338
TMA-ZAIN-G-205,/MBC,LB,5.213,LB,BP,5.02,CF,4.529,B,4.33,ENP,4.33
TMA-ZAIN-G-206,/MBC,LB,4.617,LB,CF,4.445,BP,4.417,CR,4.414,WB,4.326
TMA-ZAIN-G-207,/MBC,B,4.939,LB,LB,4.913,BP,4.729,ENP,4.654,CF,4.525
TMA-ZAIN-G-208,/MBC,B,4.792,FDSP,SW,4.67,SF,4.5,W,4.489,CR,4.427
TMA-ZAIN-G-209,/MBC,B,5.014,FDSP,SF,4.538,ZFFDSP,4.503,BP,4.429,BP,4.407
TMA-ZAIN-G-210,/MBC,BP,4.57,FDSP,BP,4.549,TSP,4.475,ONF,4.447,TSP,4.334
TMA-ZAIN-G-211,/MBC,TS,4.649,FDSP,B,4.624,CF,4.394,ENP,4.379,BP,4.375
TMA-ZAIN-G-212,/MBC,ONF,4.499,FDSP,BP,4.412,BP,4.411,TSP,4.325,B,4.318
TMA-ZAIN-G-213,/MBC,BP,5.387,FDSP,LB,4.984,B,4.719,ENP,4.427,CF,4.339
TMA-ZAIN-G-214,/MBC,ONF,4.675,NWS_North,TSP,4.492,BP,4.347,CF,4.339,B,4.282
TMA-ZAIN-G-215,/MBC,ONF,5.061,NWS_North,BP,4.791,BP,4.551,TSP,4.497,ZFFDSP,4.346
TMA-ZAIN-G-216,/MBC,BP,4.71,NWS_North,ONF,4.564,B,4.519,BP,4.491,TSP,4.429
TMA-ZAIN-G-217,/MBC,B,4.539,NWS_North,BP,4.363,TSP,4.328,SF,4.278,TSP,4.236
TMA-ZAIN-G-218,/MBC,ONF,5.308,NWS_North,BP,4.778,BP,4.715,TSP,4.639,ONF,4.461
TMA-ZAIN-G-219,/MBC,SF,5.125,ENP,TS,4.619,B,4.527,CR,4.509,ENP,4.462
TMA-ZAIN-G-220,/MBC,ENP,4.443,ENP,SW,4.434,TS,4.429,CR,4.426,B,4.28
TMA-ZAIN-G-221,/MBC,TS,5.073,ENP,SF,4.755,CF,4.715,ENP,4.669,B,4.631
TMA-ZAIN-G-222,/MBC,K,4.72,ENP,LB,4.442,TS,4.401,BP,4.342,B,4.336
TMA-ZAIN-G-223,/MBC,CF,5.149,ENP,BP,4.904,LB,4.856,ENP,4.742,TS,4.709
TMA-ZAIN-G-224,/MBC,SF,4.836,ENP,CF,4.833,TS,4.802,ENP,4.578,B,4.535
TMA-ZAIN-G-225,/MBC,ENP,4.564,ENP,CF,4.518,CR,4.425,TS,4.338,SW,4.338
TMA-ZAIN-G-226,/MBC,TS,5.122,ENP,B,4.879,CF,4.816,SF,4.74,ENP,4.629
TMA-ZAIN-G-227,/MBC,B,5.285,ENP,TS,5.165,CF,4.857,BP,4.79,ENP,4.736
TMA-ZAIN-G-228,/MBC,B,5.085,ENP,TS,5.081,CF,4.6,SF,4.5,CR,4.458
TMA-ZAIN-G-229,/MBC,TS,4.667,ENP,CF,4.65,B,4.625,SF,4.593,ENP,4.423
TMA-ZAIN-G-230,/MBC,CF,4.84,ENP,SF,4.774,TS,4.717,ENP,4.65,B,4.515
TMA-ZAIN-G-231,/MBC,CF,5.148,ENP,WB,4.678,TS,4.664,ENP,4.635,LB,4.628
TMA-ZAIN-G-232,/MBC,SW,4.512,ENP,B,4.42,TS,4.402,ZFI,4.389,CR,4.352
TMA-ZAIN-G-233,/MBC,CF,4.583,ENP,WB,4.522,B,4.466,ENP,4.398,LB,4.237
TMA-ZAIN-G-234,/MBC,WB,4.448,ENP,CR,4.438,ENP,4.36,B,4.281,SW,4.257
TMA-ZAIN-G-235,/MBC,SW,4.751,ENP,B,4.679,SF,4.576,CR,4.573,W,4.541
TMA-ZAIN-G-236,/MBC,B,5.126,ENP,BP,4.955,SW,4.718,TS,4.601,LB,4.394
TMA-ZAIN-G-237,/MBC,BP,5.037,ENP,LB,4.488,ENP,4.378,CC,4.37,B,4.344
TMA-ZAIN-G-238,/MBC,BP,5.073,ENP,TS,4.718,LB,4.679,CF,4.675,B,4.525
TMA-ZAIN-G-239,/MBC,ENP,4.408,ENP,B,4.371,CR,4.345,TS,4.321,ONF,4.248
TMA-ZAIN-G-240,/MBC,B,4.748,PB,LB,4.469,BP,4.263,K,4.257,CR,4.154
TMA-ZAIN-G-241,/MBC,WB,4.417,PB,CR,4.38,TS,4.376,ENP,4.372,B,4.357
TMA-ZAIN-G-242,/MBC,B,4.53,PB,BP,4.403,BP,4.392,BP,4.372,CR,4.331
TMA-ZAIN-G-243,/MBC,B,4.64,PB,BP,4.331,ENP,4.29,CR,4.273,BP,4.264
TMA-ZAIN-G-244,/MBC,B,4.554,PB,BP,4.415,BP,4.384,BP,4.367,ENP,4.323
TMA-ZAIN-G-245,/MBC,B,4.704,PB,BP,4.458,BP,4.283,CR,4.241,ENP,4.203
TMA-ZAIN-G-246,/MBC,B,4.571,PB,SF,4.462,BP,4.249,CR,4.235,ENP,4.23
TMA-ZAIN-G-248,/MBC,B,4.514,PB,K,4.432,TS,4.412,CR,4.211,LB,4.2
TMA-ZAIN-G-249,/MBC,B,4.53,PB,K,4.448,ENP,4.343,LB,4.288,BP,4.246
TMA-ZAIN-G-250,/MBC,B,4.858,PB,TS,4.427,CR,4.389,ENP,4.333,BP,4.23
TMA-ZAIN-G-251,/MBC,B,4.727,PB,TS,4.546,K,4.404,BP,4.313,ENP,4.28
TMA-ZAIN-G-252,/MBC,B,4.637,PB,TS,4.293,LB,4.253,K,4.203,CR,4.156
TMA-ZAIN-G-253,/MBC,SF,4.906,CC,CC,4.542,SW,4.416,CR,4.337,B,4.222
TMA-ZAIN-G-254,/MBC,CC,4.663,CC,SF,4.529,WB,4.523,O,4.456,CR,4.348
TMA-ZAIN-G-255,/MBC,SF,4.813,CC,O,4.574,CC,4.326,B,4.276,CR,4.252
TMA-ZAIN-G-256,/MBC,SF,5.093,CC,B,4.52,CR,4.497,WB,4.452,CF,4.255
TMA-ZAIN-G-257,/MBC,SF,4.506,CC,O,4.435,CC,4.412,WB,4.371,B,4.264
TMA-ZAIN-G-258,/MBC,TSP,4.37,CC,WB,4.304,O,4.262,B,4.228,TSP,4.188
TMA-ZAIN-G-259,/MBC,WB,4.411,CC,CC,4.402,SW,4.311,CR,4.3,SF,4.298
TMA-ZAIN-G-260,/MBC,SF,4.561,CC,CC,4.467,WB,4.462,CR,4.451,O,4.3
TMA-ZAIN-G-261,/MBC,SW,4.565,CC,WB,4.458,CC,4.457,CR,4.355,ENP,4.301
TMA-ZAIN-G-262,/MBC,WB,4.799,CC,TS,4.367,SW,4.345,CR,4.344,SF,4.299
TMA-ZAIN-G-263,/MBC,SW,4.683,CC,B,4.507,SF,4.463,TS,4.407,CC,4.346
TMA-ZAIN-G-264,/MBC,SF,4.697,CC,CR,4.496,CC,4.405,SW,4.383,WB,4.312
TMA-ZAIN-G-265,/MBC,SF,4.885,CC,SW,4.584,CR,4.402,CC,4.369,O,4.329
TMA-ZAIN-G-266,/MBC,SF,4.748,CC,CR,4.454,WB,4.453,CC,4.394,SW,4.326
TMA-ZAIN-G-267,/MBC,BP,5.159,NWS_South,LB,4.985,CF,4.577,ENP,4.488,B,4.361
TMA-ZAIN-G-268,/MBC,CC,4.668,NWS_South,SF,4.495,TS,4.416,ENP,4.362,CF,4.308
TMA-ZAIN-G-269,/MBC,TS,5.055,NWS_South,B,4.58,WB,4.561,CF,4.495,ENP,4.447
TMA-ZAIN-G-270,/MBC,SF,4.549,TS,WB,4.541,SW,4.537,B,4.491,ZFSW2,4.454
TMA-ZAIN-G-271,/MBC,SW,4.75,TS,B,4.591,TS,4.563,ZFI,4.553,ZFSW2,4.377
TMA-ZAIN-G-272,/MBC,SW,4.667,TS,TS,4.624,B,4.541,ZFI,4.399,ZFSW2,4.223
TMA-ZAIN-G-273,/MBC,B,4.737,TS,ENP,4.558,SF,4.444,TS,4.438,CF,4.413
TMA-ZAIN-G-274,/MBC,TS,4.921,TS,B,4.894,ZFI,4.709,SF,4.638,CF,4.461
TMA-ZAIN-G-275,/MBC,SF,4.799,TS,B,4.7,TS,4.658,ZFI,4.606,CF,4.455
TMA-ZAIN-G-276,/MBC,WB,4.915,TS,SW,4.814,SF,4.595,CR,4.531,B,4.378
TMA-ZAIN-G-277,/MBC,WB,4.576,TS,B,4.573,SF,4.513,CF,4.37,ENP,4.36
TMA-ZAIN-G-278,/MBC,B,4.603,TS,BP,4.307,ENP,4.286,WB,4.283,SW,4.273
TMA-ZAIN-G-279,/MBC,WB,4.536,TS,B,4.526,TS,4.378,SW,4.355,CR,4.334
TMA-ZAIN-G-280,/MBC,TS,4.516,TS,B,4.441,WB,4.411,K,4.374,CF,4.264
TMA-ZAIN-G-281,/MBC,SF,4.892,TS,WB,4.732,ZFI,4.569,SW,4.544,B,4.514
TMA-ZAIN-G-282,/MBC,SF,4.565,TS,ZFI,4.477,B,4.468,CF,4.393,TS,4.388
TMA-ZAIN-G-283,/MBC,TS,4.55,TS,B,4.442,ZFI,4.429,SF,4.402,CF,4.31
TMA-ZAIN-G-284,/MBC,WB,4.984,TS,B,4.81,SF,4.608,CF,4.563,ENP,4.491
TMA-ZAIN-G-285,/MBC,SF,5.04,TS,CR,4.901,B,4.686,WB,4.648,SW,4.634
TMA-ZAIN-G-286,/MBC,CR,4.945,TS,SW,4.852,SF,4.802,WB,4.551,B,4.539
TMA-ZAIN-G-287,/MBC,SF,5.044,TS,SW,4.825,WB,4.807,CR,4.794,B,4.547
TMA-ZAIN-G-288,/MBC,WB,4.924,TS,SF,4.902,SW,4.816,CR,4.715,B,4.564
TMA-ZAIN-G-289,/MBC,WB,5.132,TS,SF,5.023,SW,5.008,CR,4.729,B,4.573
TMA-ZAIN-G-290,/MBC,SF,5.331,TS,WB,5.058,ZFI,4.75,B,4.721,TS,4.653
TMA-ZAIN-G-291,/MBC,WB,5.057,TS,SF,4.955,TS,4.761,B,4.698,CR,4.618
TMA-ZAIN-G-292,/MBC,SF,4.867,TS,WB,4.758,CR,4.66,ZFI,4.508,B,4.497
TMA-ZAIN-G-293,/MBC,SF,5.065,NWS_South,B,4.755,SW,4.753,CR,4.498,ZFI,4.436
TMA-ZAIN-G-294,/MBC,ONF,4.882,NWS_North,BP,4.66,BP,4.635,TSP,4.468,BP,4.451
TMA-ZAIN-G-295,/MBC,B,4.503,NWS_North,BP,4.385,ONF,4.381,BP,4.375,ZFFDSP,4.323
TMA-ZAIN-G-296,/MBC,BP,4.67,NWS_North,ONF,4.606,BP,4.584,LB,4.542,TSP,4.423
TMA-ZAIN-G-297,/MBC,CF,4.515,NWS_North,ENP,4.495,B,4.475,ONF,4.465,WB,4.399
TMA-ZAIN-G-298,/MBC,ONF,4.911,NWS_North,BP,4.365,TS,4.31,CF,4.289,B,4.236
TMA-ZAIN-G-299,/MBC,B,4.98,NWS_North,TS,4.552,ONF,4.468,CR,4.192,ZFI,4.181
TMA-ZAIN-G-301,/MBC,BP,4.676,NWS_North,ONF,4.6,B,4.547,TSP,4.364,CF,4.279
TMA-ZAIN-G-302,/MBC,BP,4.937,NWS_North,ONF,4.781,BP,4.769,B,4.68,ZFFDSP,4.532
TMA-ZAIN-G-303,/MBC,BP,4.604,NWS_North,BP,4.585,B,4.434,WB,4.327,ZFFDSP,4.297
TMA-ZAIN-G-304,/MBC,BP,4.924,NWS_North,B,4.812,ONF,4.712,TSP,4.546,BP,4.47
TMA-ZAIN-G-305,/MBC,ONF,4.672,NWS_North,BP,4.581,B,4.554,CF,4.443,BP,4.43
TMA-ZAIN-G-306,/MBC,TS,4.367,NWS_South,CF,4.333,O,4.307,ONF,4.286,LB,4.269
TMA-ZAIN-G-307,/MSBG,B,4.774,NA,ONF,4.498,BP,4.354,CR,4.277,ZFFDSP,4.22
TMA-ZAIN-G-308,/MSBG,ONF,4.642,NA,BP,4.623,BP,4.553,LB,4.508,B,4.412
TMA-ZAIN-G-309,/MSBG,ONF,4.457,NA,B,4.416,O,4.384,BP,4.335,BP,4.314
TMA-ZAIN-G-310,/MSBG,B,4.794,NA,BP,4.379,ONF,4.36,ZFFDSP,4.265,BP,4.251
TMA-ZAIN-G-311,/MSBG,SF,4.533,NA,TS,4.419,ENP,4.339,SW,4.338,CF,4.337
TMA-ZAIN-G-312,/MSBG,ONF,4.728,NA,BP,4.602,TSP,4.439,BP,4.416,B,4.175
TMA-ZAIN-G-313,/MSBG,B,4.796,NA,BP,4.671,BP,4.658,ZFFDSP,4.445,TSP,4.425
TMA-ZAIN-G-314,/MSBG,ONF,4.972,NA,BP,4.512,B,4.385,CR,4.372,ONF,4.348
TMA-ZAIN-G-315,/MSBG,B,4.978,NA,TS,4.72,CR,4.462,SF,4.446,SW,4.352
TMA-ZAIN-G-316,/MSBG,B,4.455,NA,BP,4.363,ONF,4.341,TS,4.261,SW,4.256
TMA-ZAIN-G-317,/MSBG,WB,5.115,NA,CR,4.885,CF,4.529,ZFI,4.52,ENP,4.49
TMA-ZAIN-G-318,/MSBG,CF,4.889,NA,B,4.697,CR,4.658,ENP,4.654,WB,4.483
TMA-ZAIN-G-319,/MSBG,CF,4.842,NA,CR,4.687,B,4.66,ENP,4.609,WB,4.433
TMA-ZAIN-G-320,/MSBG,SF,4.505,NA,ZFI,4.498,B,4.445,TS,4.436,WB,4.425
TMA-ZAIN-G-321,/MSBG,WB,5.11,NA,SF,4.434,B,4.383,TS,4.376,ENP,4.374
TMA-ZAIN-G-322,/AA,TS,4.738,NA,SW,4.502,B,4.494,CR,4.402,ENP,4.331
TMA-ZAIN-G-323,/AA,ONF,4.576,NA,BP,4.431,BP,4.424,BP,4.345,CF,4.321
TMA-ZAIN-G-324,/HBG,B,4.692,NA,ZFI,4.464,TS,4.403,CR,4.365,SF,4.326
TMA-ZAIN-G-325,/HBG,B,4.629,NA,ENP,4.604,CR,4.563,CF,4.523,BP,4.523
TMA-ZAIN-G-326,/FTBG,ENP,4.296,NA,CNS,4.265,CC,4.224,O,4.19,CF,4.181
TMA-ZAIN-G-327,/FTBG,B,4.993,NA,CR,4.349,BP,4.345,TS,4.297,CC,4.241
TMA-ZAIN-G-328,/FTBG,BP,4.433,NA,SF,4.377,BP,4.344,B,4.339,SW,4.313
TMA-ZAIN-G-329,/FTBG,TS,5.103,NA,B,4.72,CF,4.513,SW,4.331,ENP,4.31
TMA-ZAIN-G-330,/FTBG,CC,4.596,NA,O,4.39,TS,4.38,CF,4.281,ENP,4.232
TMA-ZAIN-G-331,/FTBG,B,4.952,NA,W,4.54,SW,4.493,ZFI,4.439,CR,4.344
TMA-ZAIN-G-332,/FTBG,B,4.484,NA,TS,4.471,ENP,4.362,CR,4.294,ONF,4.231
TMA-ZAIN-G-333,/UCBBG,B,4.528,NA,TS,4.494,CF,4.362,CR,4.349,ENP,4.348
TMA-ZAIN-G-334,/UCBBG,TS,4.609,NA,BP,4.588,LB,4.582,ENP,4.553,CF,4.485
TMA-ZAIN-G-335,/UCBBG,O,4.802,NA,B,4.507,BP,4.478,CC,4.312,CR,4.295
TMA-ZAIN-G-336,/UCBBG,B,4.62,NA,TS,4.451,CC,4.4,O,4.352,ZFI,4.231
TMA-ZAIN-G-337,/UCBBG,TS,4.663,NA,B,4.546,CF,4.418,CR,4.356,WB,4.351
TMA-ZAIN-G-338,/UCBBG,K,4.521,NA,B,4.453,WB,4.324,CC,4.249,ENP,4.197
TMA-ZAIN-G-339,/UCBBG,SW,4.81,NA,TS,4.612,B,4.528,CR,4.494,ZFI,4.399
TMA-ZAIN-G-340,/UCBBG,SF,5.132,NA,B,5.085,ZFI,4.773,TS,4.62,WB,4.584
TMA-ZAIN-G-341,/UCBBG,WB,4.774,NA,SF,4.639,B,4.6,ENP,4.421,CF,4.392
TMA-ZAIN-G-342,/UCBBG,SF,4.544,NA,B,4.476,WB,4.462,SW,4.39,ENP,4.291
TMA-ZAIN-G-343,/UCBBG,B,4.576,NA,SW,4.341,ENP,4.31,K,4.288,ZFI,4.264
TMA-ZAIN-G-344,/UCBBG,B,4.391,NA,WB,4.321,K,4.264,ENP,4.258,CR,4.191
TMA-ZAIN-G-345,/UCBBG,SW,4.431,NA,B,4.392,ENP,4.286,W,4.188,BP,4.168
TMA-ZAIN-G-347,/GWL,B,4.512,NA,SF,4.408,CF,4.4,ENP,4.378,ZFI,4.348
TMA-ZAIN-G-348,/GWL,WB,4.702,NA,SF,4.575,TS,4.521,B,4.469,SW,4.469
TMA-ZAIN-G-349,/GWL,WB,4.705,NA,K,4.465,B,4.398,ENP,4.27,CF,4.232
TMA-ZAIN-G-350,/GWL,WB,4.755,NA,SF,4.555,B,4.502,CR,4.322,ENP,4.31
TMA-ZAIN-G-351,/GWL,WB,4.862,NA,SF,4.754,B,4.704,ZFI,4.475,CF,4.336
TMA-ZAIN-G-352,/GWL,TS,5.005,NA,SF,4.922,B,4.73,ZFI,4.711,SW,4.547
TMA-ZAIN-G-353,/GWL,B,4.711,NA,SF,4.604,WB,4.551,TS,4.45,ZFI,4.439
TMA-ZAIN-G-354,/GWL,TS,4.624,NA,B,4.441,ZFI,4.375,CF,4.247,SW,4.219
TMA-ZAIN-G-355,/GWL,WB,4.79,NA,SF,4.647,TS,4.583,SW,4.513,B,4.492
TMA-ZAIN-G-356,/GWL,B,4.486,NA,ENP,4.29,BP,4.277,LB,4.271,K,4.181
TMA-ZAIN-G-357,/GWL,SF,4.482,NA,TS,4.452,ZFI,4.45,WB,4.382,CR,4.369
TMA-ZAIN-G-358,/GWL,WB,4.666,NA,SF,4.601,B,4.508,CR,4.374,ZFI,4.35
TMA-ZAIN-G-359,/GWL,B,4.411,NA,ZFI,4.355,ONF,4.293,ENP,4.229,BP,4.224
TMA-ZAIN-G-360,/HPLG,B,4.98,NWS_North,SF,4.637,W,4.438,CR,4.293,ONF,4.215
TMA-ZAIN-G-361,/HPLG,B,4.848,NWS_North,TS,4.408,ONF,4.393,ZFI,4.358,BP,4.236
TMA-ZAIN-G-362,/HPLG,ONF,4.615,NWS_North,B,4.552,TSP,4.475,TSP,4.434,BP,4.299
TMA-ZAIN-G-363,/HPLG,B,4.619,NWS_North,ENP,4.496,BP,4.371,CR,4.308,CF,4.216
TMA-ZAIN-G-364,/HPLG,ONF,4.598,NWS_North,B,4.578,CR,4.376,W,4.335,ONF,4.184
TMA-ZAIN-G-365,/HPLG,B,4.677,NWS_North,ONF,4.63,CR,4.361,ONF,4.28,BP,4.142
TMA-ZAIN-G-366,/HPLG,B,4.968,NWS_North,CR,4.358,BP,4.338,O,4.223,BP,4.211
TMA-ZAIN-G-367,/NBG,TS,4.705,NWS_South,B,4.645,ENP,4.4,CR,4.341,CF,4.258
TMA-ZAIN-G-368,/NBG,B,4.917,NA,WB,4.563,CF,4.542,CR,4.512,ENP,4.463
TMA-ZAIN-G-369,/NBG,BP,4.941,NA,BP,4.559,ONF,4.537,BP,4.48,B,4.473
TMA-ZAIN-G-370,/NBG,LB,4.855,NWS_South,BP,4.581,WB,4.439,BP,4.429,ENP,4.39
TMA-ZAIN-G-371,/NBG,ONF,4.634,NWS_South,CR,4.606,B,4.453,CC,4.402,SW,4.373
TMA-ZAIN-G-372,/NBG,BP,4.656,NA,WB,4.464,B,4.404,BP,4.292,TS,4.28
TMA-ZAIN-G-373,/NBG,B,4.801,NWS_South,TSP,4.344,BP,4.316,CF,4.282,BP,4.238
TMA-ZAIN-G-374,/NBG,ONF,4.55,NWS_South,BP,4.545,BP,4.465,ENP,4.34,BP,4.293
TMA-ZAIN-G-376,/NBG,B,4.723,NWS_South,ONF,4.668,BP,4.629,BP,4.341,TSP,4.339
TMA-ZAIN-G-377,/NBG,BP,5.086,NWS_South,BP,4.769,ONF,4.7,B,4.477,ZFFDSP,4.467
TMA-ZAIN-G-378,/NBG,B,4.725,NA,TS,4.495,ZFI,4.315,CR,4.209,CF,4.191
TMA-ZAIN-G-379,/KWTFBG,CR,4.553,NA,WB,4.491,CF,4.461,SF,4.459,ENP,4.434
TMA-ZAIN-G-380,/KWTFBG,CF,4.539,NA,BP,4.444,ONF,4.41,ENP,4.326,B,4.266
TMA-ZAIN-G-381,/KWTFBG,B,4.822,NA,CR,4.315,ENP,4.295,ONF,4.291,BP,4.278
TMA-ZAIN-G-382,/KWTFBG,B,5.181,NA,BP,4.402,ZFFDSP,4.348,BP,4.332,CR,4.29
TMA-ZAIN-G-383,/KWTFBG,ONF,4.837,NA,ZFFDSP,4.821,BP,4.796,BP,4.778,B,4.492
TMA-ZAIN-G-384,/KWTFBG,B,4.801,NA,SF,4.665,O,4.424,ONF,4.364,W,4.337
TMA-ZAIN-G-385,/KWTFBG,B,4.749,Key_West,ENP,4.463,WB,4.379,BP,4.347,CF,4.277
TMA-ZAIN-G-386,/KWTFBG,LB,5.037,Key_West,TS,5.037,ENP,4.708,BP,4.691,WB,4.634
TMA-ZAIN-G-387,/KWTFBG,TS,4.555,NA,CR,4.489,ENP,4.409,ZFI,4.36,ONF,4.341
